outcome,outcome_var,outcome_descr,brand,brand_descr,strata,model,model_descr,term,estimate,conf.low,conf.high,std.error,statistic,p.value,or,or.ll,or.ul,ve,ve.ll,ve.ul
postest,positive_test_1_date,Positive test,any,Any vaccine,all,1,"Region-stratified Cox model, with no further adjustment",timesincevax_pw1-3,-1.4063870001395724,-1.5358441607881381,-1.2769298394910067,0.066050785458155,-21.29250985259755,1.3319992483109515e-100,0.24502696821711586,0.21527388866974237,0.2788922313090084,0.7549730317828841,0.7211077686909916,0.7847261113302576
postest,positive_test_1_date,Positive test,any,Any vaccine,all,1,"Region-stratified Cox model, with no further adjustment",timesincevax_pw4-7,-1.0619244307737181,-1.159200432654367,-0.9646484288930693,0.04963152519533497,-21.396167588932606,1.4505240350461728e-101,0.34578972123367047,0.3137369344299613,0.38111716597254014,0.6542102787663295,0.6188828340274599,0.6862630655700387
postest,positive_test_1_date,Positive test,any,Any vaccine,all,1,"Region-stratified Cox model, with no further adjustment",timesincevax_pw8-14,-0.8801510762049549,-0.9557289931594167,-0.8045731592504931,0.03856087027650038,-22.824979568506606,2.5905813840307097e-115,0.41472025258667267,0.3845317213576533,0.44727880263897096,0.5852797474133273,0.5527211973610291,0.6154682786423467
postest,positive_test_1_date,Positive test,any,Any vaccine,all,1,"Region-stratified Cox model, with no further adjustment",timesincevax_pw15-21,-1.0913428017563656,-1.1779373417050465,-1.0047482618076846,0.04418169957801654,-24.70124083455097,1.0371493816335612e-134,0.3357653245915975,0.3079132037576312,0.36613679381817277,0.6642346754084025,0.6338632061818272,0.6920867962423688
postest,positive_test_1_date,Positive test,any,Any vaccine,all,1,"Region-stratified Cox model, with no further adjustment",timesincevax_pw22-28,-1.4195706066102323,-1.5215001670983963,-1.3176410461220682,0.0520058334194768,-27.296372604204556,4.683725125536521e-164,0.24181782958475212,0.21838402855805594,0.26776620566615655,0.7581821704152478,0.7322337943338435,0.7816159714419441
postest,positive_test_1_date,Positive test,any,Any vaccine,all,1,"Region-stratified Cox model, with no further adjustment",timesincevax_pw29+,-1.779614132523003,-1.8747849158910634,-1.6844433491549426,0.04855741438044552,-36.64968893483069,4.6284795651255716e-294,0.1687032318012021,0.15338795460876803,0.1855476884919831,0.8312967681987979,0.8144523115080169,0.846612045391232
postest,positive_test_1_date,Positive test,any,Any vaccine,all,2,"Region-stratified Cox model, with adjustment for baseline confounders",timesincevax_pw1-3,-1.3468830595652956,-1.4765111427815676,-1.2172549763490237,0.06613799245229082,-20.364740591980937,3.4366790949909906e-92,0.2600495577067536,0.228433270805862,0.296041694035678,0.7399504422932464,0.703958305964322,0.7715667291941379
postest,positive_test_1_date,Positive test,any,Any vaccine,all,2,"Region-stratified Cox model, with adjustment for baseline confounders",timesincevax_pw4-7,-0.992294189908034,-1.0898773794839998,-0.8947110003320683,0.04978825649128734,-19.930285971786937,2.2228830414877072e-88,0.37072520064123277,0.3362577232744232,0.40872570316643236,0.6292747993587673,0.5912742968335676,0.6637422767255767
postest,positive_test_1_date,Positive test,any,Any vaccine,all,2,"Region-stratified Cox model, with adjustment for baseline confounders",timesincevax_pw8-14,-0.7974431831358678,-0.8734612855909716,-0.721425080680764,0.03878545884247105,-20.56036481029451,6.21639330407252e-94,0.4504792859446757,0.417503945017995,0.4860590887505943,0.5495207140553243,0.5139409112494058,0.5824960549820051
postest,positive_test_1_date,Positive test,any,Any vaccine,all,2,"Region-stratified Cox model, with adjustment for baseline confounders",timesincevax_pw15-21,-0.9963131206751498,-1.0835805020742568,-0.9090457392760426,0.044524992340400714,-22.376491680406726,6.668972360957251e-111,0.3692382716599279,0.33838177737175096,0.4029085204213852,0.6307617283400722,0.5970914795786149,0.661618222628249
postest,positive_test_1_date,Positive test,any,Any vaccine,all,2,"Region-stratified Cox model, with adjustment for baseline confounders",timesincevax_pw22-28,-1.3162567143249502,-1.419343491292523,-1.2131699373573774,0.05259626083984612,-25.025670899551365,3.2134880436266195e-138,0.2681371396274551,0.2418727563550654,0.29725350937022826,0.7318628603725449,0.7027464906297718,0.7581272436449347
postest,positive_test_1_date,Positive test,any,Any vaccine,all,2,"Region-stratified Cox model, with adjustment for baseline confounders",timesincevax_pw29+,-1.655886193935189,-1.754867188770891,-1.5569051990994869,0.05050143554496486,-32.788893544636785,8.478239512205136e-236,0.19092278609856303,0.17293020784009458,0.21078740786192604,0.8090772139014369,0.7892125921380739,0.8270697921599054
postest,positive_test_1_date,Positive test,any,Any vaccine,all,3,"Region-stratified marginal structural Cox model, with adjustment for baseline and time-varying confounders",timesincevax_pw1-3,-1.2572649897067565,-1.391453900288881,-1.123076079124632,0.06846498794905911,-18.36361952830862,2.5689937670173133e-75,0.2844308850557808,0.2487134370977109,0.32527767424898557,0.7155691149442192,0.6747223257510144,0.7512865629022891
postest,positive_test_1_date,Positive test,any,Any vaccine,all,3,"Region-stratified marginal structural Cox model, with adjustment for baseline and time-varying confounders",timesincevax_pw4-7,-0.8891953173890235,-0.9887604030344894,-0.7896302317435575,0.05079944653617241,-17.504035536211212,1.3346857879340133e-68,0.4109863332840475,0.37203758196117875,0.45401264371160094,0.5890136667159525,0.545987356288399,0.6279624180388212
postest,positive_test_1_date,Positive test,any,Any vaccine,all,3,"Region-stratified marginal structural Cox model, with adjustment for baseline and time-varying confounders",timesincevax_pw8-14,-0.6942423512846172,-0.7720797886142428,-0.6164049139549916,0.039713707978104355,-17.481176818527718,1.9934220904769694e-68,0.49945271437796085,0.46205109969594665,0.5398818746750431,0.5005472856220392,0.4601181253249569,0.5379489003040534
postest,positive_test_1_date,Positive test,any,Any vaccine,all,3,"Region-stratified marginal structural Cox model, with adjustment for baseline and time-varying confounders",timesincevax_pw15-21,-0.8980715864052474,-0.9868855771274944,-0.8092575956830005,0.04531409322967176,-19.81881402444545,2.0488024773645024e-87,0.4073544506571878,0.3727357419179014,0.44518845339701446,0.5926455493428122,0.5548115466029855,0.6272642580820986
postest,positive_test_1_date,Positive test,any,Any vaccine,all,3,"Region-stratified marginal structural Cox model, with adjustment for baseline and time-varying confounders",timesincevax_pw22-28,-1.2297480356639447,-1.3337808712562043,-1.1257152000716852,0.05307895268120094,-23.168279959289524,9.512417760333078e-119,0.2923662342651551,0.2634791947940829,0.3244203589023083,0.7076337657348448,0.6755796410976918,0.7365208052059171
postest,positive_test_1_date,Positive test,any,Any vaccine,all,3,"Region-stratified marginal structural Cox model, with adjustment for baseline and time-varying confounders",timesincevax_pw29+,-1.546920420913169,-1.648136718061431,-1.445704123764907,0.051641916865127736,-29.95474441727702,3.816433351721085e-197,0.21290261574156252,0.1924080853352654,0.23558014056746918,0.7870973842584374,0.7644198594325309,0.8075919146647346
postest,positive_test_1_date,Positive test,pfizer,BNT162b2,all,1,"Region-stratified Cox model, with no further adjustment",timesincevax_pw1-3,-1.6808074063281904,-1.8529746656501218,-1.508640147006259,0.08784205254788607,-19.13442773222902,1.3050439966122977e-81,0.18622355724446077,0.15677013329399617,0.22121058740025368,0.8137764427555392,0.7787894125997463,0.8432298667060039
postest,positive_test_1_date,Positive test,pfizer,BNT162b2,all,1,"Region-stratified Cox model, with no further adjustment",timesincevax_pw4-7,-1.309415391981866,-1.4337996116535945,-1.1850311723101377,0.06346250270558812,-20.632898737959273,1.390592689211557e-94,0.26997784146982184,0.23840136654546035,0.3057366488325282,0.7300221585301782,0.6942633511674718,0.7615986334545397
postest,positive_test_1_date,Positive test,pfizer,BNT162b2,all,1,"Region-stratified Cox model, with no further adjustment",timesincevax_pw8-14,-0.9987084826762261,-1.0857321707167773,-0.9116847946356749,0.044400656709502336,-22.493101604564536,4.848908613302622e-112,0.3683548707894841,0.3376544746500079,0.4018466243486945,0.6316451292105159,0.5981533756513056,0.6623455253499921
postest,positive_test_1_date,Positive test,pfizer,BNT162b2,all,1,"Region-stratified Cox model, with no further adjustment",timesincevax_pw15-21,-1.1535508276136042,-1.2492435024790514,-1.057858152748157,0.04882369044546682,-23.626866733928118,2.041309148131054e-123,0.31551444057214767,0.28672161903113175,0.3471986610076529,0.6844855594278523,0.652801338992347,0.7132783809688683
postest,positive_test_1_date,Positive test,pfizer,BNT162b2,all,1,"Region-stratified Cox model, with no further adjustment",timesincevax_pw22-28,-1.4679273452202202,-1.5804823089458981,-1.3553723814945422,0.057427057136507205,-25.561597936855406,4.080427229732502e-144,0.2304025355521694,0.20587577852569722,0.25785125753509963,0.7695974644478306,0.7421487424649004,0.7941242214743027
postest,positive_test_1_date,Positive test,pfizer,BNT162b2,all,1,"Region-stratified Cox model, with no further adjustment",timesincevax_pw29+,-1.731779545065933,-1.8309339004558134,-1.6326251896760526,0.050589886432606555,-34.23173419005254,8.156050439444222e-257,0.17696920491682963,0.1602638274032929,0.19541589637744633,0.8230307950831703,0.8045841036225536,0.8397361725967071
postest,positive_test_1_date,Positive test,pfizer,BNT162b2,all,2,"Region-stratified Cox model, with adjustment for baseline confounders",timesincevax_pw1-3,-1.5906281926526336,-1.76294363894121,-1.418312746364057,0.08791765953240924,-18.0922490556778,3.66807438983268e-73,0.20379754739198908,0.1715391705166734,0.24212219400322355,0.7962024526080109,0.7578778059967765,0.8284608294833267
postest,positive_test_1_date,Positive test,pfizer,BNT162b2,all,2,"Region-stratified Cox model, with adjustment for baseline confounders",timesincevax_pw4-7,-1.2121833840123244,-1.3368970419266422,-1.0874697260980066,0.0636305865301828,-19.050325482027926,6.529496069351815e-81,0.2975469105183713,0.26265942658718094,0.33706829071159083,0.7024530894816288,0.6629317092884092,0.7373405734128191
postest,positive_test_1_date,Positive test,pfizer,BNT162b2,all,2,"Region-stratified Cox model, with adjustment for baseline confounders",timesincevax_pw8-14,-0.894827990931249,-0.9822808652550422,-0.8073751166074558,0.04461963332673985,-20.054579659555216,1.8409294538742876e-89,0.40867788889848283,0.3744560403135452,0.4460273006536921,0.5913221111015172,0.5539726993463079,0.6255439596864548
postest,positive_test_1_date,Positive test,pfizer,BNT162b2,all,2,"Region-stratified Cox model, with adjustment for baseline confounders",timesincevax_pw15-21,-1.0492008333846303,-1.1453851821764978,-0.9530164845927629,0.04907454909914537,-21.379734559861745,2.0629948226927125e-101,0.35021751945437174,0.31810136721281523,0.38557618286097073,0.6497824805456283,0.6144238171390293,0.6818986327871848
postest,positive_test_1_date,Positive test,pfizer,BNT162b2,all,2,"Region-stratified Cox model, with adjustment for baseline confounders",timesincevax_pw22-28,-1.366848357779417,-1.4804011069744403,-1.2532956085843938,0.05793614071009107,-23.592326672552165,4.620606738347776e-123,0.25490907710489985,0.22754639962885861,0.2855621433538641,0.7450909228951001,0.7144378566461359,0.7724536003711414
postest,positive_test_1_date,Positive test,pfizer,BNT162b2,all,2,"Region-stratified Cox model, with adjustment for baseline confounders",timesincevax_pw29+,-1.6401251288806626,-1.7430436534929465,-1.5372066042683787,0.052510416224018454,-31.2342816305932,3.6499204735638375e-214,0.19395577130386155,0.17498698950765423,0.21498078987426847,0.8060442286961385,0.7850192101257315,0.8250130104923458
postest,positive_test_1_date,Positive test,pfizer,BNT162b2,all,3,"Region-stratified marginal structural Cox model, with adjustment for baseline and time-varying confounders",timesincevax_pw1-3,-1.4572850148120644,-1.6411672799944235,-1.2734027496297053,0.09381920618582743,-15.532907109932525,2.0774446264417283e-54,0.23286764947446192,0.19375374536983764,0.2798776460720879,0.7671323505255381,0.720122353927912,0.8062462546301623
postest,positive_test_1_date,Positive test,pfizer,BNT162b2,all,3,"Region-stratified marginal structural Cox model, with adjustment for baseline and time-varying confounders",timesincevax_pw4-7,-1.0788023506899183,-1.2069374016630838,-0.9506672997167527,0.06537622731023554,-16.501447010250118,3.582049779832727e-61,0.34000248564096985,0.29911193782265816,0.38648303736568856,0.6599975143590302,0.6135169626343114,0.7008880621773419
postest,positive_test_1_date,Positive test,pfizer,BNT162b2,all,3,"Region-stratified marginal structural Cox model, with adjustment for baseline and time-varying confounders",timesincevax_pw8-14,-0.7400122350229993,-0.8298127646290002,-0.6502117054169984,0.04581743864394248,-16.15132266065328,1.111524966094112e-58,0.47710807805701555,0.4361309378152195,0.5219352685401618,0.5228919219429844,0.4780647314598382,0.5638690621847805
postest,positive_test_1_date,Positive test,pfizer,BNT162b2,all,3,"Region-stratified marginal structural Cox model, with adjustment for baseline and time-varying confounders",timesincevax_pw15-21,-0.8972596239708086,-0.9949806432744094,-0.7995386046672078,0.04985857907309099,-17.99609296236574,2.090567230902639e-72,0.4076853414859051,0.3697306012485844,0.4495363302393553,0.5923146585140949,0.5504636697606446,0.6302693987514156
postest,positive_test_1_date,Positive test,pfizer,BNT162b2,all,3,"Region-stratified marginal structural Cox model, with adjustment for baseline and time-varying confounders",timesincevax_pw22-28,-1.213925121344956,-1.3283556237825733,-1.0994946189073387,0.05838398222632184,-20.79209185559237,5.1036862424822165e-96,0.29702911302062984,0.2649125191841351,0.33303935296654613,0.7029708869793702,0.6669606470334539,0.735087480815865
postest,positive_test_1_date,Positive test,pfizer,BNT162b2,all,3,"Region-stratified marginal structural Cox model, with adjustment for baseline and time-varying confounders",timesincevax_pw29+,-1.4301096186623423,-1.5358323046833442,-1.3243869326413404,0.053941137110135186,-26.512411403978987,6.97190303429288e-155,0.2392826909575571,0.2152764409946561,0.26596596416842044,0.7607173090424428,0.7340340358315796,0.7847235590053439
postest,positive_test_1_date,Positive test,az,ChAdOx1,all,1,"Region-stratified Cox model, with no further adjustment",timesincevax_pw1-3,-0.9957937792458116,-1.1904868074091637,-0.8011007510824596,0.09933500293835286,-10.024601095182929,1.1883850243040347e-23,0.36943008219496565,0.30407320294288126,0.44883463688911757,0.6305699178050344,0.5511653631108824,0.6959267970571188
postest,positive_test_1_date,Positive test,az,ChAdOx1,all,1,"Region-stratified Cox model, with no further adjustment",timesincevax_pw4-7,-0.6342892592998784,-0.7872924443021493,-0.4812860742976076,0.07806428394049097,-8.125217157995097,4.465621697248978e-16,0.5303122689183476,0.4550752703819929,0.6179881019007224,0.4696877310816524,0.3820118980992776,0.5449247296180071
postest,positive_test_1_date,Positive test,az,ChAdOx1,all,1,"Region-stratified Cox model, with no further adjustment",timesincevax_pw8-14,-0.5954340369158063,-0.7303527117720621,-0.46051536205955057,0.06883732350210367,-8.64987199709486,5.155722717562603e-18,0.551323219299247,0.4817390450888982,0.6309583896866706,0.448676780700753,0.3690416103133294,0.5182609549111018
postest,positive_test_1_date,Positive test,az,ChAdOx1,all,1,"Region-stratified Cox model, with no further adjustment",timesincevax_pw15-21,-0.8165148312699732,-0.9836379792311921,-0.6493916833087542,0.08526847905342398,-9.57581090145158,1.0106109561557402e-21,0.44196931107587917,0.3739482054606126,0.5223634425315133,0.5580306889241209,0.47763655746848666,0.6260517945393874
postest,positive_test_1_date,Positive test,az,ChAdOx1,all,1,"Region-stratified Cox model, with no further adjustment",timesincevax_pw22-28,-1.0134053820087388,-1.2178183923579469,-0.8089923716595306,0.10429426865064456,-9.716788804602022,2.557188828104671e-22,0.36298078427182157,0.29587494638450856,0.44530654372933104,0.6370192157281784,0.5546934562706689,0.7041250536154915
postest,positive_test_1_date,Positive test,az,ChAdOx1,all,1,"Region-stratified Cox model, with no further adjustment",timesincevax_pw29+,-1.0720737943686334,-1.2832257737600237,-0.8609218149772431,0.10773258134176453,-9.951249482899229,2.490365253710218e-23,0.34229792535246883,0.2771418600456369,0.42277218490671287,0.6577020746475312,0.5772278150932871,0.7228581399543631
postest,positive_test_1_date,Positive test,az,ChAdOx1,all,2,"Region-stratified Cox model, with adjustment for baseline confounders",timesincevax_pw1-3,-1.0085620826639115,-1.2033062098698089,-0.813817955458014,0.0993610743574955,-10.150474813055688,3.2975513107990657e-24,0.36474307306764203,0.3002000450038759,0.44316285611852446,0.635256926932358,0.5568371438814755,0.699799954996124
postest,positive_test_1_date,Positive test,az,ChAdOx1,all,2,"Region-stratified Cox model, with adjustment for baseline confounders",timesincevax_pw4-7,-0.6338341819542156,-0.78691403355411,-0.4807543303543211,0.07810340027029522,-8.115321224949017,4.845014881998506e-16,0.5305536569390034,0.45524750834176464,0.6183168007149881,0.46944634306099664,0.38168319928501193,0.5447524916582354
postest,positive_test_1_date,Positive test,az,ChAdOx1,all,2,"Region-stratified Cox model, with adjustment for baseline confounders",timesincevax_pw8-14,-0.5768803330036955,-0.7115943915690661,-0.4421662744383248,0.06873292551698809,-8.3930711324242,4.736048596493959e-17,0.5616477904119498,0.49086094866611424,0.6426427715055302,0.4383522095880502,0.3573572284944698,0.5091390513338858
postest,positive_test_1_date,Positive test,az,ChAdOx1,all,2,"Region-stratified Cox model, with adjustment for baseline confounders",timesincevax_pw15-21,-0.7809012664501326,-0.9479630571742835,-0.6138394757259816,0.08523717376539215,-9.161510547023706,5.117587192610088e-20,0.45799305146807157,0.3875295956732411,0.5412686864047928,0.5420069485319284,0.45873131359520725,0.6124704043267589
postest,positive_test_1_date,Positive test,az,ChAdOx1,all,2,"Region-stratified Cox model, with adjustment for baseline confounders",timesincevax_pw22-28,-0.9699614115305133,-1.174738400948838,-0.7651844221121887,0.10447997566974669,-9.28370633045023,1.6368343830928477e-20,0.3790976666198918,0.3088997770078774,0.4652481210207597,0.6209023333801083,0.5347518789792403,0.6911002229921226
postest,positive_test_1_date,Positive test,az,ChAdOx1,all,2,"Region-stratified Cox model, with adjustment for baseline confounders",timesincevax_pw29+,-1.0187415021055546,-1.2304650584580936,-0.8070179457530157,0.10802420759901069,-9.430677852201015,4.0744722435136254e-21,0.3610490338240522,0.2921566761488988,0.44618663705923634,0.6389509661759478,0.5538133629407637,0.7078433238511013
postest,positive_test_1_date,Positive test,az,ChAdOx1,all,3,"Region-stratified marginal structural Cox model, with adjustment for baseline and time-varying confounders",timesincevax_pw1-3,-0.762652392681344,-1.01738247311299,-0.5079223122496981,0.12996671491972528,-5.868059319283409,4.409255147829223e-9,0.46642763560848194,0.36154004350137714,0.6017445181241455,0.533572364391518,0.39825548187585447,0.6384599564986229
postest,positive_test_1_date,Positive test,az,ChAdOx1,all,3,"Region-stratified marginal structural Cox model, with adjustment for baseline and time-varying confounders",timesincevax_pw4-7,-0.4549016570954674,-0.6131927817182845,-0.29661053247265035,0.08076226189429873,-5.6326017427649635,1.7751105776693123e-8,0.6345103644722484,0.5416188348280854,0.7433334602377619,0.3654896355277516,0.2566665397622381,0.45838116517191463
postest,positive_test_1_date,Positive test,az,ChAdOx1,all,3,"Region-stratified marginal structural Cox model, with adjustment for baseline and time-varying confounders",timesincevax_pw8-14,-0.19429059636266335,-0.38339035677111444,-0.0051908359542122695,0.09648124246161967,-2.0137654885606633,0.04403416068101413,0.823418587051558,0.6815468009441449,0.994822613153972,0.17658141294844198,0.005177386846027976,0.3184531990558551
postest,positive_test_1_date,Positive test,az,ChAdOx1,all,3,"Region-stratified marginal structural Cox model, with adjustment for baseline and time-varying confounders",timesincevax_pw15-21,-0.5021330814866252,-0.6773745733250955,-0.32689158964815473,0.08941056734753955,-5.616037302781338,1.9538649702299234e-8,0.605238259279088,0.5079488256816511,0.7211619202064297,0.39476174072091197,0.27883807979357034,0.4920511743183489
postest,positive_test_1_date,Positive test,az,ChAdOx1,all,3,"Region-stratified marginal structural Cox model, with adjustment for baseline and time-varying confounders",timesincevax_pw22-28,-0.6299817326464588,-0.8578875446185805,-0.4020759206743372,0.11628061217951641,-5.417771035414572,6.034662743647118e-8,0.5326015301384818,0.4240569381745166,0.668929958148952,0.46739846986151823,0.33107004185104805,0.5759430618254834
postest,positive_test_1_date,Positive test,az,ChAdOx1,all,3,"Region-stratified marginal structural Cox model, with adjustment for baseline and time-varying confounders",timesincevax_pw29+,-0.6989536123361462,-0.9883826568072861,-0.40952456786500624,0.14767059331401974,-4.733194312085073,2.2101372015941207e-6,0.4971051964845612,0.3721781443009178,0.6639658458078481,0.5028948035154388,0.3360341541921519,0.6278218556990822
covidadmitted,covidadmitted_1_date,COVID-19 hospitalisation,any,Any vaccine,all,1,"Region-stratified Cox model, with no further adjustment",timesincevax_pw1-3,-1.1296079516140465,-1.2694954240504788,-0.9897204791776141,0.07137247089224444,-15.826941921619717,2.0284294527075513e-56,0.32315992591770576,0.2809733584160363,0.3716805689616468,0.6768400740822942,0.6283194310383532,0.7190266415839637
covidadmitted,covidadmitted_1_date,COVID-19 hospitalisation,any,Any vaccine,all,1,"Region-stratified Cox model, with no further adjustment",timesincevax_pw4-7,-1.0478878908943527,-1.1668617391648919,-0.9289140426238136,0.060702058409741064,-17.262806539789345,8.964594086465247e-67,0.35067763690428166,0.311342483634325,0.39498241161719005,0.6493223630957183,0.60501758838281,0.688657516365675
covidadmitted,covidadmitted_1_date,COVID-19 hospitalisation,any,Any vaccine,all,1,"Region-stratified Cox model, with no further adjustment",timesincevax_pw8-14,-0.8956862281559854,-0.9881142904192568,-0.803258165892714,0.04715804116419084,-18.993287380988995,1.9380738303570463e-80,0.4083272967884229,0.37227803780863766,0.4478673581820202,0.5916727032115772,0.5521326418179797,0.6277219621913623
covidadmitted,covidadmitted_1_date,COVID-19 hospitalisation,any,Any vaccine,all,1,"Region-stratified Cox model, with no further adjustment",timesincevax_pw15-21,-1.1161605081272092,-1.2228755060196335,-1.009445510234785,0.05444742798040094,-20.499783911353642,2.162515551042476e-93,0.3275349512827195,0.2943824501932425,0.36442099126952643,0.6724650487172805,0.6355790087304736,0.7056175498067575
covidadmitted,covidadmitted_1_date,COVID-19 hospitalisation,any,Any vaccine,all,1,"Region-stratified Cox model, with no further adjustment",timesincevax_pw22-28,-1.450136911861295,-1.577291865269327,-1.322981958453263,0.06487616834340541,-22.352382221239793,1.144707246343255e-110,0.23453817483744324,0.20653366251431315,0.2663399021080495,0.7654618251625568,0.7336600978919505,0.7934663374856868
covidadmitted,covidadmitted_1_date,COVID-19 hospitalisation,any,Any vaccine,all,1,"Region-stratified Cox model, with no further adjustment",timesincevax_pw29+,-2.004611170232567,-2.12853542482678,-1.880686915638354,0.06322782233332427,-31.70457397163962,1.3437583142435762e-220,0.1347126658078331,0.11901146751671758,0.15248532521879654,0.865287334192167,0.8475146747812035,0.8809885324832825
covidadmitted,covidadmitted_1_date,COVID-19 hospitalisation,any,Any vaccine,all,2,"Region-stratified Cox model, with adjustment for baseline confounders",timesincevax_pw1-3,-1.0636097662160862,-1.2036436208434544,-0.923575911588718,0.07144715705591398,-14.886663235371474,4.0235470245851106e-50,0.3452074403679827,0.30009877130079293,0.3970965171529159,0.6547925596320173,0.6029034828470841,0.699901228699207
covidadmitted,covidadmitted_1_date,COVID-19 hospitalisation,any,Any vaccine,all,2,"Region-stratified Cox model, with adjustment for baseline confounders",timesincevax_pw4-7,-0.9703670149399231,-1.0894366469881362,-0.85129738289171,0.0607509285820654,-15.972875437271755,1.974687658614005e-57,0.37894393449305647,0.3364059556430668,0.4268607706857564,0.6210560655069435,0.5731392293142437,0.6635940443569333
covidadmitted,covidadmitted_1_date,COVID-19 hospitalisation,any,Any vaccine,all,2,"Region-stratified Cox model, with adjustment for baseline confounders",timesincevax_pw8-14,-0.8021856845068469,-0.894631466183399,-0.7097399028302949,0.04716708184729549,-17.007320637387352,7.247744649650686e-65,0.4483479452512861,0.40875821211004143,0.4917720893566657,0.5516520547487139,0.5082279106433343,0.5912417878899585
covidadmitted,covidadmitted_1_date,COVID-19 hospitalisation,any,Any vaccine,all,2,"Region-stratified Cox model, with adjustment for baseline confounders",timesincevax_pw15-21,-1.007567410668697,-1.114264069384552,-0.9008707519528418,0.054438071085726444,-18.508506833058586,1.763207357188271e-76,0.36510605328107054,0.3281566906128437,0.4062157925030666,0.6348939467189294,0.5937842074969334,0.6718433093871563
covidadmitted,covidadmitted_1_date,COVID-19 hospitalisation,any,Any vaccine,all,2,"Region-stratified Cox model, with adjustment for baseline confounders",timesincevax_pw22-28,-1.331992862697614,-1.4593339427252143,-1.2046517826700138,0.06497113264940094,-20.501302784505107,2.0960627106115417e-93,0.26395071926866226,0.23239100891520623,0.2997963756328672,0.7360492807313377,0.7002036243671328,0.7676089910847937
covidadmitted,covidadmitted_1_date,COVID-19 hospitalisation,any,Any vaccine,all,2,"Region-stratified Cox model, with adjustment for baseline confounders",timesincevax_pw29+,-1.8705606999122744,-1.9967765088341312,-1.7443448909904176,0.06439700418856216,-29.047324848141198,1.663297945065742e-185,0.1540372689139817,0.13577223921005283,0.17475943795675053,0.8459627310860183,0.8252405620432495,0.8642277607899471
covidadmitted,covidadmitted_1_date,COVID-19 hospitalisation,any,Any vaccine,all,3,"Region-stratified marginal structural Cox model, with adjustment for baseline and time-varying confounders",timesincevax_pw1-3,-0.6973533006312838,-0.9417040784062494,-0.45300252285631815,0.12467105503079312,-5.593546155994598,2.2247804575713106e-8,0.4979013566313306,0.38996274174618434,0.6357165298029275,0.5020986433686694,0.3642834701970725,0.6100372582538156
covidadmitted,covidadmitted_1_date,COVID-19 hospitalisation,any,Any vaccine,all,3,"Region-stratified marginal structural Cox model, with adjustment for baseline and time-varying confounders",timesincevax_pw4-7,-0.750319315042538,-0.906175184233544,-0.594463445851532,0.07951976180193988,-9.435633332395545,3.8863922285031734e-21,0.47221574307431163,0.40406675309634116,0.5518585884596588,0.5277842569256883,0.44814141154034115,0.5959332469036589
covidadmitted,covidadmitted_1_date,COVID-19 hospitalisation,any,Any vaccine,all,3,"Region-stratified marginal structural Cox model, with adjustment for baseline and time-varying confounders",timesincevax_pw8-14,-0.5702585814362164,-0.6886046331778239,-0.45191252969460893,0.06038174817246953,-9.444221121378865,3.5805728593799866e-21,0.5653792232244997,0.5022764401953083,0.6364098342531109,0.43462077677550026,0.36359016574688907,0.49772355980469174
covidadmitted,covidadmitted_1_date,COVID-19 hospitalisation,any,Any vaccine,all,3,"Region-stratified marginal structural Cox model, with adjustment for baseline and time-varying confounders",timesincevax_pw15-21,-0.7298242752757236,-0.9582959706373333,-0.5013525799141139,0.11656933349988334,-6.2608599823250595,3.8286017518712476e-10,0.48199368085552513,0.3835459029175773,0.6057108330905104,0.5180063191444748,0.39428916690948956,0.6164540970824227
covidadmitted,covidadmitted_1_date,COVID-19 hospitalisation,any,Any vaccine,all,3,"Region-stratified marginal structural Cox model, with adjustment for baseline and time-varying confounders",timesincevax_pw22-28,-1.151414737728244,-1.2857841389326068,-1.0170453365238812,0.06855707669337376,-16.794980084667635,2.6559359852614413e-63,0.31618912811741634,0.2764337361689994,0.3616619524272945,0.6838108718825837,0.6383380475727055,0.7235662638310005
covidadmitted,covidadmitted_1_date,COVID-19 hospitalisation,any,Any vaccine,all,3,"Region-stratified marginal structural Cox model, with adjustment for baseline and time-varying confounders",timesincevax_pw29+,-1.7028299249017678,-1.845582572850751,-1.5600772769527846,0.07283432199519885,-23.379498542102393,6.9091606167078245e-121,0.1821672742175383,0.1579332864389554,0.21011983315293373,0.8178327257824617,0.7898801668470663,0.8420667135610446
covidadmitted,covidadmitted_1_date,COVID-19 hospitalisation,pfizer,BNT162b2,all,1,"Region-stratified Cox model, with no further adjustment",timesincevax_pw1-3,-1.5357756098445372,-1.732693735634365,-1.3388574840547094,0.10047027769035193,-15.28587006176869,9.498586681325996e-53,0.21528864640376583,0.17680749526677253,0.26214500239615196,0.7847113535962342,0.737854997603848,0.8231925047332275
covidadmitted,covidadmitted_1_date,COVID-19 hospitalisation,pfizer,BNT162b2,all,1,"Region-stratified Cox model, with no further adjustment",timesincevax_pw4-7,-1.2317923936952178,-1.3793375356540094,-1.084247251736426,0.0752795169312339,-16.36291575596097,3.5186944274148527e-60,0.29176914354762074,0.251745270097324,0.33815623663396494,0.7082308564523793,0.661843763366035,0.748254729902676
covidadmitted,covidadmitted_1_date,COVID-19 hospitalisation,pfizer,BNT162b2,all,1,"Region-stratified Cox model, with no further adjustment",timesincevax_pw8-14,-1.0260137597920067,-1.1334517723139277,-0.9185757472700857,0.05481631977392355,-18.717304700927542,3.578041141459412e-78,0.3584329162826859,0.32192014138629377,0.3990870373057711,0.6415670837173141,0.6009129626942289,0.6780798586137062
covidadmitted,covidadmitted_1_date,COVID-19 hospitalisation,pfizer,BNT162b2,all,1,"Region-stratified Cox model, with no further adjustment",timesincevax_pw15-21,-1.2043873958918387,-1.3245622966574224,-1.084212495126255,0.061314851555185686,-19.642670011324167,6.679242709408045e-86,0.2998756483095914,0.2659193273981279,0.33816799000271097,0.7001243516904085,0.661832009997289,0.734080672601872
covidadmitted,covidadmitted_1_date,COVID-19 hospitalisation,pfizer,BNT162b2,all,1,"Region-stratified Cox model, with no further adjustment",timesincevax_pw22-28,-1.493219442812605,-1.6349878028768445,-1.3514510827483657,0.07233212507091467,-20.643931605059958,1.106826666036629e-94,0.22464824788361068,0.19495474917176625,0.2588643543774973,0.7753517521163893,0.7411356456225027,0.8050452508282337
covidadmitted,covidadmitted_1_date,COVID-19 hospitalisation,pfizer,BNT162b2,all,1,"Region-stratified Cox model, with no further adjustment",timesincevax_pw29+,-1.9088665795684099,-2.0375920486578467,-1.7801411104789728,0.06567746657836934,-29.064254134873845,1.0164612967592391e-185,0.14824831908222558,0.1303421909582244,0.16861435233775787,0.8517516809177744,0.8313856476622421,0.8696578090417756
covidadmitted,covidadmitted_1_date,COVID-19 hospitalisation,pfizer,BNT162b2,all,2,"Region-stratified Cox model, with adjustment for baseline confounders",timesincevax_pw1-3,-1.4290304887598873,-1.6262098654843986,-1.231851112035376,0.10060357143286155,-14.204570159952622,8.582766269704555e-46,0.2395410474395401,0.19667358262392967,0.2917520118507796,0.7604589525604599,0.7082479881492204,0.8033264173760704
covidadmitted,covidadmitted_1_date,COVID-19 hospitalisation,pfizer,BNT162b2,all,2,"Region-stratified Cox model, with adjustment for baseline confounders",timesincevax_pw4-7,-1.1165531330596772,-1.2644627893677454,-0.9686434767516089,0.07546549705747697,-14.795544674002134,1.565122206991927e-49,0.3274063781367543,0.282390958825006,0.37959762200125763,0.6725936218632458,0.6204023779987424,0.717609041174994
covidadmitted,covidadmitted_1_date,COVID-19 hospitalisation,pfizer,BNT162b2,all,2,"Region-stratified Cox model, with adjustment for baseline confounders",timesincevax_pw8-14,-0.9022359499558346,-1.0098453215556844,-0.7946265783559847,0.054903749481449084,-16.43304798811022,1.1093977439555021e-60,0.4056616058876604,0.36427532075394453,0.45174989661874754,0.5943383941123396,0.5482501033812525,0.6357246792460555
covidadmitted,covidadmitted_1_date,COVID-19 hospitalisation,pfizer,BNT162b2,all,2,"Region-stratified Cox model, with adjustment for baseline confounders",timesincevax_pw15-21,-1.0806821151897983,-1.2007795134779178,-0.9605847169016788,0.061275308748238465,-17.636502161580143,1.2921604155042893e-69,0.3393639613642444,0.3009595184497884,0.3826690674747567,0.6606360386357556,0.6173309325252433,0.6990404815502116
covidadmitted,covidadmitted_1_date,COVID-19 hospitalisation,pfizer,BNT162b2,all,2,"Region-stratified Cox model, with adjustment for baseline confounders",timesincevax_pw22-28,-1.374943546441294,-1.517167649126037,-1.232719443756551,0.07256465108878969,-18.947842038941538,4.600664969593811e-80,0.25285386990261943,0.2193322338617128,0.291498784282849,0.7471461300973805,0.7085012157171511,0.7806677661382873
covidadmitted,covidadmitted_1_date,COVID-19 hospitalisation,pfizer,BNT162b2,all,2,"Region-stratified Cox model, with adjustment for baseline confounders",timesincevax_pw29+,-1.8064356708279354,-1.9386829336659808,-1.67418840798989,0.06747433314142244,-26.772190056947238,6.8129083560021914e-158,0.16423849482014147,0.14389334210577268,0.1874602590087696,0.8357615051798586,0.8125397409912304,0.8561066578942274
covidadmitted,covidadmitted_1_date,COVID-19 hospitalisation,pfizer,BNT162b2,all,3,"Region-stratified marginal structural Cox model, with adjustment for baseline and time-varying confounders",timesincevax_pw1-3,-0.8073754781524567,-1.2126662525405068,-0.4020847037644066,0.20678480706019708,-3.9044235871614195,9.445022782714596e-5,0.44602713939478045,0.29740326916236015,0.6689240829026808,0.5539728606052196,0.3310759170973192,0.7025967308376398
covidadmitted,covidadmitted_1_date,COVID-19 hospitalisation,pfizer,BNT162b2,all,3,"Region-stratified marginal structural Cox model, with adjustment for baseline and time-varying confounders",timesincevax_pw4-7,-0.8262786675815019,-1.06966782437863,-0.5828895107843739,0.12418042306743937,-6.653856116537549,2.8551180418404204e-11,0.4376749936894439,0.3431224754121012,0.5582828693194339,0.562325006310556,0.44171713068056606,0.6568775245878988
covidadmitted,covidadmitted_1_date,COVID-19 hospitalisation,pfizer,BNT162b2,all,3,"Region-stratified marginal structural Cox model, with adjustment for baseline and time-varying confounders",timesincevax_pw8-14,-0.7060951360757132,-0.8217066605096724,-0.5904836116417539,0.05898655554177949,-11.97044190138538,5.075756632305132e-33,0.4935677543209168,0.439680628249763,0.5540592704189128,0.5064322456790832,0.4459407295810872,0.560319371750237
covidadmitted,covidadmitted_1_date,COVID-19 hospitalisation,pfizer,BNT162b2,all,3,"Region-stratified marginal structural Cox model, with adjustment for baseline and time-varying confounders",timesincevax_pw15-21,-0.7772629380972806,-1.0960700997645947,-0.4584557764299666,0.16265970404661736,-4.7784602993899545,1.7664263101570042e-6,0.4596624155785166,0.33418180766857036,0.6322592416671177,0.5403375844214834,0.36774075833288233,0.6658181923314297
covidadmitted,covidadmitted_1_date,COVID-19 hospitalisation,pfizer,BNT162b2,all,3,"Region-stratified marginal structural Cox model, with adjustment for baseline and time-varying confounders",timesincevax_pw22-28,-1.208992123130863,-1.355984825867355,-1.0619994203943708,0.0749976550058837,-16.120399004955758,1.8342115756319224e-58,0.2984979770779119,0.2576933863319992,0.34576379156588966,0.7015020229220881,0.6542362084341103,0.7423066136680008
covidadmitted,covidadmitted_1_date,COVID-19 hospitalisation,pfizer,BNT162b2,all,3,"Region-stratified marginal structural Cox model, with adjustment for baseline and time-varying confounders",timesincevax_pw29+,-1.6317504764009025,-1.7868509298066322,-1.476650022995173,0.07913433850271856,-20.620005262884025,1.815387395116183e-94,0.19558690403661436,0.16748676767268691,0.22840154814729371,0.8044130959633856,0.7715984518527063,0.8325132323273131
covidadmitted,covidadmitted_1_date,COVID-19 hospitalisation,az,ChAdOx1,all,1,"Region-stratified Cox model, with no further adjustment",timesincevax_pw1-3,-0.5410953259064207,-0.7396445821355339,-0.3425460696773076,0.1013025023904747,-5.341381635576448,9.2240835460208e-8,0.5821103025615024,0.4772835204685247,0.709960410985089,0.4178896974384976,0.290039589014911,0.5227164795314754
covidadmitted,covidadmitted_1_date,COVID-19 hospitalisation,az,ChAdOx1,all,1,"Region-stratified Cox model, with no further adjustment",timesincevax_pw4-7,-0.693936905025428,-0.8882064796061915,-0.4996673304446646,0.0991189512221332,-7.001051730967795,2.5404811111998457e-12,0.49960529364240597,0.41139293309612357,0.6067324675633001,0.500394706357594,0.3932675324366999,0.5886070669038764
covidadmitted,covidadmitted_1_date,COVID-19 hospitalisation,az,ChAdOx1,all,1,"Region-stratified Cox model, with no further adjustment",timesincevax_pw8-14,-0.5636299765499407,-0.7263108411701205,-0.400949111929761,0.08300196631335356,-6.790561737080951,1.1169776512009886e-11,0.5691393471261885,0.483690112297478,0.6696841391043524,0.4308606528738115,0.3303158608956476,0.5163098877025221
covidadmitted,covidadmitted_1_date,COVID-19 hospitalisation,az,ChAdOx1,all,1,"Region-stratified Cox model, with no further adjustment",timesincevax_pw15-21,-0.7336700075026328,-0.9338496599881354,-0.5334903550171302,0.1021343525006042,-7.183381394602689,6.800803579089103e-13,0.4801436219196722,0.39303773261129377,0.5865541105645914,0.5198563780803278,0.4134458894354086,0.6069622673887063
covidadmitted,covidadmitted_1_date,COVID-19 hospitalisation,az,ChAdOx1,all,1,"Region-stratified Cox model, with no further adjustment",timesincevax_pw22-28,-0.972492126591389,-1.2233021462782154,-0.7216821069045625,0.12796664717575626,-7.599574952180439,2.971049649016607e-14,0.37813949139106284,0.29425688157678825,0.4859341748722287,0.6218605086089372,0.5140658251277713,0.7057431184232117
covidadmitted,covidadmitted_1_date,COVID-19 hospitalisation,az,ChAdOx1,all,1,"Region-stratified Cox model, with no further adjustment",timesincevax_pw29+,-1.151815195226062,-1.4377602482118583,-0.8658701422402657,0.14589301397438653,-7.89493042777414,2.9047722680914497e-15,0.3160625331599749,0.23745901276985112,0.4206853372388965,0.6839374668400251,0.5793146627611034,0.7625409872301488
covidadmitted,covidadmitted_1_date,COVID-19 hospitalisation,az,ChAdOx1,all,2,"Region-stratified Cox model, with adjustment for baseline confounders",timesincevax_pw1-3,-0.5559893651324372,-0.7547292050390639,-0.3572495252258106,0.1013997407474123,-5.48314385258057,4.178329813052092e-8,0.5735045749884854,0.47013790847106735,0.6995979086271968,0.4264954250115146,0.30040209137280316,0.5298620915289327
covidadmitted,covidadmitted_1_date,COVID-19 hospitalisation,az,ChAdOx1,all,2,"Region-stratified Cox model, with adjustment for baseline confounders",timesincevax_pw4-7,-0.6922593049345266,-0.8865796653856721,-0.4979389444833811,0.09914486285662377,-6.982301301234564,2.9038350953355264e-12,0.5004441349518316,0.4120627376459677,0.6077820422162548,0.4995558650481684,0.39221795778374524,0.5879372623540323
covidadmitted,covidadmitted_1_date,COVID-19 hospitalisation,az,ChAdOx1,all,2,"Region-stratified Cox model, with adjustment for baseline confounders",timesincevax_pw8-14,-0.5381495978062322,-0.7002181945514816,-0.37608100106098274,0.08268957900432143,-6.50807035525127,7.612226752766203e-11,0.5838275692958328,0.49647696340384734,0.6865467197772486,0.4161724307041672,0.31345328022275143,0.5035230365961527
covidadmitted,covidadmitted_1_date,COVID-19 hospitalisation,az,ChAdOx1,all,2,"Region-stratified Cox model, with adjustment for baseline confounders",timesincevax_pw15-21,-0.6827406993092335,-0.8822330648853136,-0.48324833373315346,0.10178368947064867,-6.707761359997814,1.976327808278414e-11,0.5052304084972282,0.4138577079309475,0.6167766379087618,0.4947695915027718,0.3832233620912382,0.5861422920690524
covidadmitted,covidadmitted_1_date,COVID-19 hospitalisation,az,ChAdOx1,all,2,"Region-stratified Cox model, with adjustment for baseline confounders",timesincevax_pw22-28,-0.9059370385710404,-1.1557887033553929,-0.6560853737866879,0.12747768160800432,-7.106632526914081,1.1890847700798885e-12,0.40416299129985356,0.31480914793239917,0.5188785796387407,0.5958370087001464,0.48112142036125927,0.6851908520676009
covidadmitted,covidadmitted_1_date,COVID-19 hospitalisation,az,ChAdOx1,all,2,"Region-stratified Cox model, with adjustment for baseline confounders",timesincevax_pw29+,-1.0684687912078417,-1.353157780339049,-0.7837798020766342,0.14525215329301863,-7.3559583592018,1.8956210677426348e-13,0.34353413739062716,0.25842292800537975,0.45667659779114295,0.6564658626093729,0.5433234022088571,0.7415770719946202
covidadmitted,covidadmitted_1_date,COVID-19 hospitalisation,az,ChAdOx1,all,3,"Region-stratified marginal structural Cox model, with adjustment for baseline and time-varying confounders",timesincevax_pw1-3,-0.2922441869722653,-0.5760891674897033,-0.008399206454827224,0.14482152874051316,-2.0179609310429223,0.04359533039513373,0.7465862070876501,0.5620923226008148,0.991635968330722,0.2534137929123499,0.008364031669278016,0.43790767739918524
covidadmitted,covidadmitted_1_date,COVID-19 hospitalisation,az,ChAdOx1,all,3,"Region-stratified marginal structural Cox model, with adjustment for baseline and time-varying confounders",timesincevax_pw4-7,-0.5241287133831659,-0.7288458919064602,-0.31941153485987167,0.10444945934623151,-5.0180126988094,5.220872684253378e-7,0.5920710032409092,0.48246548622259083,0.726576476222731,0.4079289967590908,0.273423523777269,0.5175345137774092
covidadmitted,covidadmitted_1_date,COVID-19 hospitalisation,az,ChAdOx1,all,3,"Region-stratified marginal structural Cox model, with adjustment for baseline and time-varying confounders",timesincevax_pw8-14,-0.15257563954237205,-0.3707323584659067,0.06558107938116259,0.1113064937133167,-1.3707703338077382,0.1704465615799567,0.8584939554105483,0.6902286506947153,1.0677793086894405,0.1415060445894517,-0.06777930868944049,0.3097713493052847
covidadmitted,covidadmitted_1_date,COVID-19 hospitalisation,az,ChAdOx1,all,3,"Region-stratified marginal structural Cox model, with adjustment for baseline and time-varying confounders",timesincevax_pw15-21,-0.31753257323158596,-0.7000087856578578,0.06494363919468593,0.19514451053345652,-1.627166310564225,0.10370178074360556,0.7279429689332196,0.4965809409819983,1.067098880137085,0.27205703106678036,-0.06709888013708509,0.5034190590180017
covidadmitted,covidadmitted_1_date,COVID-19 hospitalisation,az,ChAdOx1,all,3,"Region-stratified marginal structural Cox model, with adjustment for baseline and time-varying confounders",timesincevax_pw22-28,-0.5995257278406706,-0.8805083217758687,-0.3185431339054725,0.14336110058733376,-4.181927492077582,2.8904815834437638e-5,0.5490719839067214,0.414572122074328,0.7272077099704525,0.4509280160932786,0.2727922900295475,0.5854278779256721
covidadmitted,covidadmitted_1_date,COVID-19 hospitalisation,az,ChAdOx1,all,3,"Region-stratified marginal structural Cox model, with adjustment for baseline and time-varying confounders",timesincevax_pw29+,-0.7882250446846973,-1.1153677453642115,-0.4610823440051832,0.16691260822136228,-4.722381688741812,2.3309869236347435e-6,0.4546510648486137,0.3277947117462837,0.6306007490687403,0.5453489351513863,0.3693992509312597,0.6722052882537163
death,death_date,Any death,any,Any vaccine,all,1,"Region-stratified Cox model, with no further adjustment",timesincevax_pw1-3,-2.065088059227079,-2.2456123073146674,-1.8845638111394907,0.09210590067549232,-22.42080088335275,2.4670650725431957e-111,0.12680712353903537,0.10586270001888748,0.15189530001950882,0.8731928764609647,0.8481046999804912,0.8941372999811126
death,death_date,Any death,any,Any vaccine,all,1,"Region-stratified Cox model, with no further adjustment",timesincevax_pw4-7,-1.7846663768328255,-1.91592571198683,-1.653407041678821,0.0669702791425565,-26.648632791777523,1.856192304268475e-156,0.167853051326435,0.14720549959785195,0.1913966999640953,0.832146948673565,0.8086033000359047,0.852794500402148
death,death_date,Any death,any,Any vaccine,all,1,"Region-stratified Cox model, with no further adjustment",timesincevax_pw8-14,-1.6770427090971711,-1.7710463209946103,-1.583039097199732,0.04796190778959601,-34.96613847085037,7.362484361108925e-268,0.1869259538805194,0.17015485904983985,0.20535007010236161,0.8130740461194805,0.7946499298976384,0.8298451409501602
death,death_date,Any death,any,Any vaccine,all,1,"Region-stratified Cox model, with no further adjustment",timesincevax_pw15-21,-1.6300146821564203,-1.7200846234915341,-1.5399447408213065,0.04595489613358922,-35.469880672083924,1.4324905918606633e-275,0.19592669747937239,0.17905099534998176,0.21439294827789082,0.8040733025206276,0.7856070517221092,0.8209490046500183
death,death_date,Any death,any,Any vaccine,all,1,"Region-stratified Cox model, with no further adjustment",timesincevax_pw22-28,-1.7506079439393007,-1.8432936445551498,-1.6579222433234517,0.04728949171869589,-37.01896299399637,5.6732791836563364e-300,0.1736683307412721,0.15829519844440715,0.19053445334320881,0.8263316692587279,0.8094655466567912,0.8417048015555928
death,death_date,Any death,any,Any vaccine,all,1,"Region-stratified Cox model, with no further adjustment",timesincevax_pw29+,-2.0729590820686075,-2.1458541952678853,-2.0000639688693296,0.037192067698317455,-55.736591438888645,0,0.1258129395284374,0.11696808077802516,0.13532662626845482,0.8741870604715626,0.8646733737315452,0.8830319192219749
death,death_date,Any death,any,Any vaccine,all,2,"Region-stratified Cox model, with adjustment for baseline confounders",timesincevax_pw1-3,-2.0324408012896864,-2.21297121620311,-1.851910386376263,0.09210904707301991,-22.06559361838212,6.767453487848485e-108,0.13101534813739424,0.10937518791748548,0.1569370693151375,0.8689846518626058,0.8430629306848625,0.8906248120825145
death,death_date,Any death,any,Any vaccine,all,2,"Region-stratified Cox model, with adjustment for baseline confounders",timesincevax_pw4-7,-1.739298489338493,-1.8706013534394903,-1.6079956252374958,0.0669924881970779,-25.962589779048667,1.3107947754384046e-148,0.1756435732477472,0.15403100688296534,0.20028866555860056,0.8243564267522527,0.7997113344413994,0.8459689931170347
death,death_date,Any death,any,Any vaccine,all,2,"Region-stratified Cox model, with adjustment for baseline confounders",timesincevax_pw8-14,-1.6150419360548387,-1.7090927865886874,-1.52099108552099,0.04798600957757883,-33.65651676961814,2.503434574162461e-248,0.1988823299256425,0.18102995094188992,0.21849523214724226,0.8011176700743575,0.7815047678527578,0.8189700490581101
death,death_date,Any death,any,Any vaccine,all,2,"Region-stratified Cox model, with adjustment for baseline confounders",timesincevax_pw15-21,-1.5564014081882585,-1.6467410465147512,-1.4660617698617657,0.0460924991678828,-33.766912974698435,6.037073879075822e-250,0.21089362739617964,0.19267681130829525,0.2308327700376669,0.7891063726038203,0.7691672299623331,0.8073231886917047
death,death_date,Any death,any,Any vaccine,all,2,"Region-stratified Cox model, with adjustment for baseline confounders",timesincevax_pw22-28,-1.674810864357018,-1.7685760870034177,-1.5810456417106185,0.047840278385729455,-35.008384584497044,1.677183823863194e-268,0.18734360948535173,0.17057570094140403,0.20575983461475952,0.8126563905146482,0.7942401653852404,0.8294242990585959
death,death_date,Any death,any,Any vaccine,all,2,"Region-stratified Cox model, with adjustment for baseline confounders",timesincevax_pw29+,-1.996625977285043,-2.07420096987788,-1.919050984692206,0.03957980514169581,-50.445573699443855,0,0.13579267875390377,0.12565679095216375,0.14674616042184857,0.8642073212460962,0.8532538395781515,0.8743432090478362
death,death_date,Any death,any,Any vaccine,all,3,"Region-stratified marginal structural Cox model, with adjustment for baseline and time-varying confounders",timesincevax_pw1-3,-1.3897360302268436,-1.845832607703399,-0.933639452750288,0.23270661148581667,-5.972052196340572,2.3428754126805306e-9,0.24914106166188302,0.15789380254933236,0.3931203606716397,0.750858938338117,0.6068796393283603,0.8421061974506676
death,death_date,Any death,any,Any vaccine,all,3,"Region-stratified marginal structural Cox model, with adjustment for baseline and time-varying confounders",timesincevax_pw4-7,-1.0508478871805835,-1.3927307207723005,-0.7089650535888665,0.17443322239002618,-6.024356328354279,1.6978394416474375e-9,0.3496411671314791,0.24839607733556052,0.49215328625305005,0.6503588328685209,0.50784671374695,0.7516039226644395
death,death_date,Any death,any,Any vaccine,all,3,"Region-stratified marginal structural Cox model, with adjustment for baseline and time-varying confounders",timesincevax_pw8-14,-1.0501503425814167,-1.236626652355159,-0.8636740328076745,0.09514272264421365,-11.037631816659855,2.515763827814948e-28,0.34988514252122316,0.2903620598822204,0.4216102234801397,0.6501148574787768,0.5783897765198602,0.7096379401177796
death,death_date,Any death,any,Any vaccine,all,3,"Region-stratified marginal structural Cox model, with adjustment for baseline and time-varying confounders",timesincevax_pw15-21,-1.0000981573242012,-1.1514928309358,-0.8487034837126024,0.07724359978335349,-12.94732715887393,2.432777435288832e-38,0.36784333288204385,0.31616443685832973,0.42796944175729884,0.6321566671179562,0.5720305582427012,0.6838355631416703
death,death_date,Any death,any,Any vaccine,all,3,"Region-stratified marginal structural Cox model, with adjustment for baseline and time-varying confounders",timesincevax_pw22-28,-1.1866090609970306,-1.3222891345948828,-1.0509289873991783,0.06922579938615164,-17.14113916370906,7.320235657372386e-66,0.305254610834331,0.26652449268366224,0.3496128123062018,0.694745389165669,0.6503871876937982,0.7334755073163377
death,death_date,Any death,any,Any vaccine,all,3,"Region-stratified marginal structural Cox model, with adjustment for baseline and time-varying confounders",timesincevax_pw29+,-1.5393833019597989,-1.6402833185324446,-1.4384832853871532,0.051480546259284485,-29.902233247615783,1.8405451958675946e-196,0.21451335060679774,0.19392509193458124,0.23728738313079148,0.7854866493932022,0.7627126168692085,0.8060749080654188
death,death_date,Any death,pfizer,BNT162b2,all,1,"Region-stratified Cox model, with no further adjustment",timesincevax_pw1-3,-2.5712873883051164,-2.8652204221685293,-2.2773543544417034,0.1499685893118033,-17.145506269710193,6.790487782953792e-66,0.07643707785440551,0.056970572170887905,0.10255517275471644,0.9235629221455945,0.8974448272452835,0.9430294278291121
death,death_date,Any death,pfizer,BNT162b2,all,1,"Region-stratified Cox model, with no further adjustment",timesincevax_pw4-7,-2.247052616737928,-2.448677778913182,-2.045427454562674,0.10287187099643033,-21.84321714937897,9.017664085306696e-106,0.10571033472740107,0.08640776116453808,0.12932489764316782,0.8942896652725989,0.8706751023568322,0.9135922388354619
death,death_date,Any death,pfizer,BNT162b2,all,1,"Region-stratified Cox model, with no further adjustment",timesincevax_pw8-14,-2.0989454163974375,-2.231535197524942,-1.9663556352699332,0.0676490905819472,-31.026956879115254,2.334374989997495e-211,0.12258563691293801,0.10736347940436368,0.13996601507998357,0.877414363087062,0.8600339849200165,0.8926365205956364
death,death_date,Any death,pfizer,BNT162b2,all,1,"Region-stratified Cox model, with no further adjustment",timesincevax_pw15-21,-2.016572264175976,-2.136843453278689,-1.8963010750732627,0.06136397916053404,-32.86247553960654,7.556975953710125e-237,0.13311095317047694,0.11802681279189284,0.15012288678162097,0.8668890468295231,0.849877113218379,0.8819731872081071
death,death_date,Any death,pfizer,BNT162b2,all,1,"Region-stratified Cox model, with no further adjustment",timesincevax_pw22-28,-1.9648199724083266,-2.0792278020668435,-1.8504121427498097,0.05837241426931894,-33.66007723002565,2.2204702288005044e-248,0.14018112081389947,0.12502672030711637,0.15717237550797836,0.8598188791861006,0.8428276244920216,0.8749732796928836
death,death_date,Any death,pfizer,BNT162b2,all,1,"Region-stratified Cox model, with no further adjustment",timesincevax_pw29+,-2.0925037777238686,-2.169750911035341,-2.0152566444123963,0.039412526924365976,-53.09235263548204,0,0.12337783809002571,0.1142060608376071,0.13328619181965598,0.8766221619099743,0.866713808180344,0.8857939391623929
death,death_date,Any death,pfizer,BNT162b2,all,2,"Region-stratified Cox model, with adjustment for baseline confounders",timesincevax_pw1-3,-2.4613262926350115,-2.7553736136273637,-2.1672789716426593,0.15002690014294134,-16.40589981056684,1.7353644641091794e-60,0.08532171433013876,0.06358525891114812,0.11448872051313565,0.9146782856698612,0.8855112794868644,0.9364147410888519
death,death_date,Any death,pfizer,BNT162b2,all,2,"Region-stratified Cox model, with adjustment for baseline confounders",timesincevax_pw4-7,-2.125033622627844,-2.3270269861735917,-1.9230402590820967,0.10305973229051418,-20.619436664531644,1.8368472894814726e-94,0.11942895268398286,0.09758543910668915,0.14616191585303134,0.8805710473160171,0.8538380841469686,0.9024145608933108
death,death_date,Any death,pfizer,BNT162b2,all,2,"Region-stratified Cox model, with adjustment for baseline confounders",timesincevax_pw8-14,-1.9658618887954749,-2.099150419168271,-1.8325733584226787,0.06800560184991104,-28.907352266863974,9.65107314637852e-184,0.1400351398701297,0.12256050909343078,0.16000129685735676,0.8599648601298703,0.8399987031426432,0.8774394909065693
death,death_date,Any death,pfizer,BNT162b2,all,2,"Region-stratified Cox model, with adjustment for baseline confounders",timesincevax_pw15-21,-1.8861636117713096,-2.007405842499465,-1.7649213810431543,0.06185941766506866,-30.49113106728138,3.416177214018242e-204,0.15165249209648773,0.13433671363294664,0.17120024554058166,0.8483475079035123,0.8287997544594183,0.8656632863670534
death,death_date,Any death,pfizer,BNT162b2,all,2,"Region-stratified Cox model, with adjustment for baseline confounders",timesincevax_pw22-28,-1.8515238457940661,-1.9673468088490984,-1.735700882739034,0.059094434371564517,-31.33161126735474,1.7322613836619418e-215,0.15699774358705756,0.13982735319420614,0.17627660774779508,0.8430022564129425,0.8237233922522049,0.8601726468057939
death,death_date,Any death,pfizer,BNT162b2,all,2,"Region-stratified Cox model, with adjustment for baseline confounders",timesincevax_pw29+,-2.045244532725099,-2.127745524849117,-1.9627435406010807,0.042093116391309034,-48.58857476153466,0,0.12934855615485213,0.11910551181015344,0.1404724997614985,0.8706514438451478,0.8595275002385014,0.8808944881898466
death,death_date,Any death,pfizer,BNT162b2,all,3,"Region-stratified marginal structural Cox model, with adjustment for baseline and time-varying confounders",timesincevax_pw1-3,-2.0115279005911524,-2.3715114856467907,-1.6515443155355138,0.18366846936736755,-10.95195004085193,6.503228560158249e-28,0.1337841096109033,0.09333953823077082,0.19175355185635343,0.8662158903890966,0.8082464481436465,0.9066604617692292
death,death_date,Any death,pfizer,BNT162b2,all,3,"Region-stratified marginal structural Cox model, with adjustment for baseline and time-varying confounders",timesincevax_pw4-7,-1.265374357732738,-1.8113791203742942,-0.7193695950911821,0.27857897744467347,-4.542246401145057,5.56579318056464e-6,0.28213365745209423,0.16342859360965642,0.48705920371202643,0.7178663425479057,0.5129407962879735,0.8365714063903436
death,death_date,Any death,pfizer,BNT162b2,all,3,"Region-stratified marginal structural Cox model, with adjustment for baseline and time-varying confounders",timesincevax_pw8-14,-1.2232647920499118,-1.5367876107916119,-0.9097419733082117,0.15996356117496452,-7.6471465317775245,2.0548812212114566e-14,0.29426787352081907,0.21507088429602544,0.40262809942826394,0.7057321264791809,0.5973719005717361,0.7849291157039746
death,death_date,Any death,pfizer,BNT162b2,all,3,"Region-stratified marginal structural Cox model, with adjustment for baseline and time-varying confounders",timesincevax_pw15-21,-1.3080773559963326,-1.4482837379613245,-1.1678709740313407,0.071535182825257,-18.2857903528624,1.0739550900183763e-74,0.2703393233209363,0.23497321784226569,0.31102842445083073,0.7296606766790636,0.6889715755491692,0.7650267821577343
death,death_date,Any death,pfizer,BNT162b2,all,3,"Region-stratified marginal structural Cox model, with adjustment for baseline and time-varying confounders",timesincevax_pw22-28,-1.3012474329941348,-1.4198973416655218,-1.1825975243227478,0.060536780067022844,-21.495154376454586,1.7281941985323681e-102,0.2721920398371622,0.24173883212915454,0.3064816103319794,0.7278079601628378,0.6935183896680206,0.7582611678708455
death,death_date,Any death,pfizer,BNT162b2,all,3,"Region-stratified marginal structural Cox model, with adjustment for baseline and time-varying confounders",timesincevax_pw29+,-1.447159974725504,-1.5384428254225426,-1.3558771240284653,0.04657373881207313,-31.072445795362306,5.677153723954265e-212,0.23523742052870827,0.21471519027783192,0.2577211418782117,0.7647625794712918,0.7422788581217883,0.7852848097221681
death,death_date,Any death,az,ChAdOx1,all,1,"Region-stratified Cox model, with no further adjustment",timesincevax_pw1-3,-1.6912578161952434,-1.9190799360469342,-1.4634356963435526,0.11623791133343399,-14.549967362574073,5.843092109697559e-48,0.1842875782505081,0.14674191198320252,0.23143975050103438,0.8157124217494919,0.7685602494989656,0.8532580880167975
death,death_date,Any death,az,ChAdOx1,all,1,"Region-stratified Cox model, with no further adjustment",timesincevax_pw4-7,-1.4236058671824225,-1.593414868345225,-1.2537968660196201,0.08663883750019602,-16.431497793113873,1.1381272797387314e-60,0.24084399778534302,0.20323042028712593,0.28541903907532695,0.759156002214657,0.714580960924673,0.7967695797128741
death,death_date,Any death,az,ChAdOx1,all,1,"Region-stratified Cox model, with no further adjustment",timesincevax_pw8-14,-1.30765591440601,-1.4323286056519935,-1.1829832231600266,0.06360968478471331,-20.557497161505605,6.594820112519595e-94,0.2704532795665474,0.2387523144463894,0.3063634235249492,0.7295467204334526,0.6936365764750507,0.7612476855536106
death,death_date,Any death,az,ChAdOx1,all,1,"Region-stratified Cox model, with no further adjustment",timesincevax_pw15-21,-1.2068778580295294,-1.3294702836927412,-1.0842854323663176,0.062548305290406,-19.295132816566444,5.9013143329895345e-83,0.2991297485645285,0.26461739633066234,0.33814332586232076,0.7008702514354714,0.6618566741376792,0.7353826036693376
death,death_date,Any death,az,ChAdOx1,all,1,"Region-stratified Cox model, with no further adjustment",timesincevax_pw22-28,-1.3915743966619742,-1.5272488746616038,-1.2558999186623447,0.06922294443663894,-20.1027911769299,6.975767939519846e-90,0.2486834698361105,0.21713220427474764,0.2848194185486839,0.7513165301638896,0.7151805814513161,0.7828677957252523
death,death_date,Any death,az,ChAdOx1,all,1,"Region-stratified Cox model, with no further adjustment",timesincevax_pw29+,-1.3434579422367392,-1.4576692328175647,-1.2292466516559137,0.05827213738706911,-23.05489385626791,1.3137012091480886e-117,0.260941785072586,0.23277819471680006,0.2925128587740243,0.7390582149274141,0.7074871412259758,0.7672218052831999
death,death_date,Any death,az,ChAdOx1,all,2,"Region-stratified Cox model, with adjustment for baseline confounders",timesincevax_pw1-3,-1.765001116936542,-1.9930589208322966,-1.5369433130407875,0.11635816050429779,-15.168692159509948,5.700130621899366e-52,0.17118659528027036,0.13627792383867696,0.21503739988247525,0.8288134047197296,0.7849626001175247,0.863722076161323
death,death_date,Any death,az,ChAdOx1,all,2,"Region-stratified Cox model, with adjustment for baseline confounders",timesincevax_pw4-7,-1.492568299398895,-1.6628415246824944,-1.3222950741152955,0.0868756908936557,-17.180505663269415,3.716574304216588e-66,0.22479457374501205,0.18959946238592776,0.2665229096606987,0.7752054262549879,0.7334770903393013,0.8104005376140723
death,death_date,Any death,az,ChAdOx1,all,2,"Region-stratified Cox model, with adjustment for baseline confounders",timesincevax_pw8-14,-1.371034172144208,-1.496538713098712,-1.2455296311897042,0.06403410570013926,-21.410998984892927,1.0552628984552867e-101,0.25384430505197486,0.22390381579871935,0.2877884460229402,0.7461556949480251,0.7122115539770598,0.7760961842012807
death,death_date,Any death,az,ChAdOx1,all,2,"Region-stratified Cox model, with adjustment for baseline confounders",timesincevax_pw15-21,-1.2686893794029577,-1.392386809637262,-1.1449919491686533,0.06311209349254066,-20.10215965269646,7.065112097009368e-90,0.2811999267875282,0.24848151820364694,0.3182264797678247,0.7188000732124717,0.6817735202321753,0.751518481796353
death,death_date,Any death,az,ChAdOx1,all,2,"Region-stratified Cox model, with adjustment for baseline confounders",timesincevax_pw22-28,-1.456049675552885,-1.5936233914745068,-1.318475959631263,0.070191961182341,-20.743823808689935,1.3939204533529963e-95,0.23315549778260222,0.20318804646203725,0.2675427373450814,0.7668445022173977,0.7324572626549186,0.7968119535379627
death,death_date,Any death,az,ChAdOx1,all,2,"Region-stratified Cox model, with adjustment for baseline confounders",timesincevax_pw29+,-1.400247252945408,-1.5188390282050819,-1.281655477685734,0.06050711961806989,-23.141859367690625,1.7557926986484064e-118,0.24653599965305378,0.21896595273724784,0.2775773966917341,0.7534640003469462,0.7224226033082659,0.7810340472627522
death,death_date,Any death,az,ChAdOx1,all,3,"Region-stratified marginal structural Cox model, with adjustment for baseline and time-varying confounders",timesincevax_pw1-3,-1.0647586481279854,-1.4841915351141564,-0.6453257611418144,0.21400030321710203,-4.975500651734096,6.507921547946055e-7,0.34481106552143553,0.2266855339081365,0.5244916552734652,0.6551889344785644,0.4755083447265348,0.7733144660918635
death,death_date,Any death,az,ChAdOx1,all,3,"Region-stratified marginal structural Cox model, with adjustment for baseline and time-varying confounders",timesincevax_pw4-7,-0.8867528165339345,-1.1641349708547926,-0.6093706622130763,0.1415241078452529,-6.265736841835732,3.7106653594501504e-10,0.41199139468652407,0.312192600962044,0.5436929279319586,0.5880086053134759,0.45630707206804144,0.6878073990379561
death,death_date,Any death,az,ChAdOx1,all,3,"Region-stratified marginal structural Cox model, with adjustment for baseline and time-varying confounders",timesincevax_pw8-14,-0.8364019341991511,-0.9915824288520879,-0.6812214395462143,0.0791751766241527,-10.563941501129577,4.3788063135550393e-26,0.43326664413283494,0.37098916232918816,0.5059985680971454,0.566733355867165,0.4940014319028546,0.6290108376708119
death,death_date,Any death,az,ChAdOx1,all,3,"Region-stratified marginal structural Cox model, with adjustment for baseline and time-varying confounders",timesincevax_pw15-21,-0.6091795774158237,-0.768004999288104,-0.45035415554354347,0.08103486754097268,-7.517499514734341,5.583376595496878e-14,0.543796829311531,0.4639377017276159,0.6374023720600587,0.45620317068846905,0.3625976279399413,0.5360622982723842
death,death_date,Any death,az,ChAdOx1,all,3,"Region-stratified marginal structural Cox model, with adjustment for baseline and time-varying confounders",timesincevax_pw22-28,-0.780319878900057,-0.9676730567901144,-0.5929667010099997,0.0955901125571058,-8.16318610812276,3.263011632126896e-16,0.4582594003446742,0.3799661699051826,0.5526851984129655,0.5417405996553257,0.4473148015870345,0.6200338300948174
death,death_date,Any death,az,ChAdOx1,all,3,"Region-stratified marginal structural Cox model, with adjustment for baseline and time-varying confounders",timesincevax_pw29+,-0.771821334940395,-0.9378352387778706,-0.6058074311029193,0.08470252777447551,-9.11214051362677,8.077234630681309e-20,0.4621705339336124,0.3914743672879525,0.5456336871204746,0.5378294660663876,0.45436631287952545,0.6085256327120475
