term,estimate,std.error,statistic,p.value,conf.low,conf.high,or,or.ll,or.ul,model,strata
(Intercept),-10.266544813213226,0.07309193369681703,-140.46070878078723,0,-10.409802370819378,-10.123287255607075,3.47773302444625e-5,3.0135629834406813e-5,4.013397780561813e-5,0 Unadjusted,all
"timesincevax_pw(0,3]",-14.299523709030336,0.07305743402683396,-195.72989250865461,0,-14.44271364852584,-14.15633376953483,6.163050967899523e-7,5.340834971390369e-7,7.111846263064587e-7,0 Unadjusted,all
"timesincevax_pw(3,7]",-1.9895315454300548,1.0026689247699445,-1.9842357694355983,0.047229562745245424,-3.9547265263966462,-0.024336564463463217,0.13675947604349076,0.019163908656249975,0.9759571819703083,0 Unadjusted,all
"timesincevax_pw(7,14]",-0.8792685726190649,0.4531577843707094,-1.9403143958788802,0.05234149289402735,-1.767441509299623,0.008904364061493197,0.4150864062389134,0.17076934215823256,1.008944125841326,0 Unadjusted,all
"timesincevax_pw(14,21]",-1.037624766317374,0.581976234063146,-1.7829332292026017,0.0745971731382576,-2.178277224939393,0.10302769230464448,0.35429521726336083,0.11323644361765041,1.108522106182838,0 Unadjusted,all
"timesincevax_pw(21,28]",-14.29952370968178,0.07308876866426085,-195.6459791430855,0,-14.442775063938111,-14.15627235542545,6.163050963884634e-7,5.340506971880949e-7,7.112283044181006e-7,0 Unadjusted,all
"timesincevax_pw(28, Inf]",0.2977846342123537,0.7108464231410596,0.4189155695494885,0.675277837906735,-1.0954487536832427,1.6910180221079498,1.3468716865600912,0.3343895147475317,5.42500066554678,0 Unadjusted,all
(Intercept),-34.11343394943457,57.38206432075759,-0.594496457268343,0.5521801111127276,-146.58021337668026,78.35334547781113,1.5301143106798326e-15,2.192916898942428e-64,10676418266813306e18,1 Demographics,all
"timesincevax_pw(0,3]",-14.22420512619783,0.07331995698997072,-194.00182037945723,0,-14.367909601246199,-14.080500651149462,6.64517165981284e-7,5.755673417779484e-7,7.672135505807736e-7,1 Demographics,all
"timesincevax_pw(3,7]",-1.9554965839068341,1.0025345561621257,-1.9505527982923707,0.05111026684241994,-3.9204282072414482,0.009435039427780012,0.14149419550492634,0.019832600462708738,1.009479689727582,1 Demographics,all
"timesincevax_pw(7,14]",-0.8520664852790328,0.4526789957992643,-1.8822752837793975,0.05979864855747441,-1.739301013603349,0.035168043045283426,0.4265325972636254,0.17564312987740768,1.03579375211222,1 Demographics,all
"timesincevax_pw(14,21]",-1.0788265714968053,0.5843247067203339,-1.8462792332571127,0.06485167146151473,-2.224081951945589,0.06642880895197845,0.339994250606154,0.1081666752724625,1.0686848805703208,1 Demographics,all
"timesincevax_pw(21,28]",-14.385263214386896,0.08053584134595305,-178.61939447050625,0,-14.543110562889595,-14.227415865884197,5.656653350851664e-7,4.830669582960354e-7,6.623869958849961e-7,1 Demographics,all
"timesincevax_pw(28, Inf]",0.10328096903047548,0.7142841706932509,0.14459366911384272,0.885031696018266,-1.2966902802553564,1.5032522183163073,1.1088029045907528,0.2734352912286058,4.49628822857768,1 Demographics,all
"poly(age, degree = 2, raw = TRUE)1",0.52534307435239,1.5418997741928773,0.34071155800472575,0.7333207367245231,-2.4967249508360907,3.5474110995408705,1.6910389009486315,0.08235427173065903,34.72330583984719,1 Demographics,all
"poly(age, degree = 2, raw = TRUE)2",-0.002745926505336027,0.010346341360675877,-0.26540072568769846,0.7907007771828158,-0.023024382944017877,0.017532529933345826,0.9972578401024522,0.977238655527347,1.0176871269067163,1 Demographics,all
sexMale,0.7210648516903518,0.14876143810964618,4.847122082531116,1.2526534867543018e-6,0.4294977907070611,1.0126319126736425,2.0566220425047823,1.536485692360935,2.7528367148133177,1 Demographics,all
imd2,0.023938197451760054,0.20488701013196106,0.11683609144543737,0.9069899427637597,-0.37763296330697665,0.4255093582104968,1.0242270160949647,0.6854820515641744,1.53036972755892,1 Demographics,all
imd3,-0.598808422541222,0.22295160172143308,-2.6858224741054038,0.007235151928482786,-1.035785532210749,-0.16183131287169494,0.549465977440488,0.35494744873008216,0.8505846751252994,1 Demographics,all
imd4,-0.7672839723330116,0.2376972390368211,-3.227988576737963,0.0012466395227376738,-1.2331620000697892,-0.30140594459623415,0.46427233394097067,0.2913698081972589,0.7397774031449014,1 Demographics,all
imd5 least deprived,-0.7572741718374882,0.23467266152001048,-3.226938182455972,0.001251224889188029,-1.2172241365728673,-0.29732420710210916,0.4689429443203398,0.29605082403603783,0.7428031512625017,1 Demographics,all
ethnicityBlack,0.8327353197975043,0.4561357337066647,1.8256305267524295,0.0679059343421464,-0.0612742903293112,1.7267449299243198,2.2996002875201684,0.9405652164480175,5.6223230350078595,1 Demographics,all
ethnicitySouth Asian,0.4682682424639281,0.32932254945730155,1.4219136929299208,0.15505130759913155,-0.1771920937692935,1.1137285786971498,1.597225789009876,0.837618867702401,3.0456933570228704,1 Demographics,all
ethnicityMixed,-14.134140021311289,0.0850112546914035,-166.26198581139823,0,-14.300759018787002,-13.967521023835577,7.271449332447442e-7,6.155442391350022e-7,8.58979290727371e-7,1 Demographics,all
ethnicityOther,0.19540191070630186,0.712641468123087,0.27419385405811403,0.783935650951812,-1.2013497007046974,1.592153522117301,1.2157995311557768,0.30078796409029074,4.914320639222417,1 Demographics,all
(Intercept),-35.09047956446654,57.31781999565671,-0.6122089006023875,0.5403995535056063,-147.43134242830342,77.25038329937036,5.759680033574398e-16,9.362277806788985e-65,3543359295010477e18,2 Demographics + clinical,all
"timesincevax_pw(0,3]",-14.163577885150636,0.07327171854238862,-193.3021111952878,0,-14.307187814579073,-14.019967955722198,7.060513381640755e-7,6.115997237479449e-7,8.150894658165822e-7,2 Demographics + clinical,all
"timesincevax_pw(3,7]",-1.966433521881615,1.0024335933993822,-1.9616596399300468,0.04980212369514711,-3.931167261837472,-0.001699781925757815,0.13995511402584698,0.01962075662079482,0.9983016618853692,2 Demographics + clinical,all
"timesincevax_pw(7,14]",-0.8594927618432913,0.4521874395409757,-1.9007444406588985,0.05733549453881418,-1.7457638576049865,0.026778333918404007,0.4233767807193801,0.17451163600163813,1.027140095406724,2 Demographics + clinical,all
"timesincevax_pw(14,21]",-1.084096836946123,0.5841908571079539,-1.855723730961764,0.06349294648924368,-2.229089876975298,0.06089620308305155,0.33820710415890604,0.10762633878357061,1.062788594282407,2 Demographics + clinical,all
"timesincevax_pw(21,28]",-14.323290193896025,0.08000361546909524,-179.03303631857736,0,-14.480094398848443,-14.166485988943606,6.018303789413436e-7,5.144875918625029e-7,7.040010502594964e-7,2 Demographics + clinical,all
"timesincevax_pw(28, Inf]",0.013365022689722023,0.7078811908829781,0.01888031898834763,0.9849365799154488,-1.374056616774238,1.400786662153682,1.0134547338237285,0.2530782329836946,4.05839129426788,2 Demographics + clinical,all
"poly(age, degree = 2, raw = TRUE)1",0.5482698489744037,1.540345323209241,0.35593956803926785,0.7218858227314681,-2.4707515082704172,3.5672912062192244,1.7302568210648064,0.08452131665976119,35.42051621004347,2 Demographics + clinical,all
"poly(age, degree = 2, raw = TRUE)2",-0.0030901044912026248,0.010333375347345889,-0.29904115425327243,0.7649086448821931,-0.023343148010734633,0.017162939028329386,0.9969146649677071,0.9769271956260251,1.0173110684986237,2 Demographics + clinical,all
sexMale,0.6226287095372103,0.15425974034622822,4.036235949443137,5.431559269218415e-5,0.32028517419410274,0.9249722448803178,1.8638210520526242,1.3775205416386416,2.5217982665741063,2 Demographics + clinical,all
imd2,0.20406744211816197,0.20752429159589084,0.9833424345114241,0.3254389318305745,-0.20267269532697219,0.6108075795632961,1.2263808603901118,0.8165454568365603,1.8419182938791778,2 Demographics + clinical,all
imd3,-0.31461984542851684,0.23012245087010225,-1.3671844891227543,0.1715674858676782,-0.7656515611680051,0.13641187031097146,0.7300663595861419,0.46503083620784813,1.146153863141101,2 Demographics + clinical,all
imd4,-0.44906604555654045,0.2411972986671204,-1.861820377085991,0.06262841324580638,-0.9218040641124471,0.023671972999366186,0.6382239454460924,0.3978007353140173,1.023954378111537,2 Demographics + clinical,all
imd5 least deprived,-0.38138772951499855,0.24095990574764606,-1.5827850211496206,0.11347047191917295,-0.8536604664985508,0.0908850074685536,0.6829130527339562,0.4258532538882043,1.095143064744184,2 Demographics + clinical,all
ethnicityBlack,1.0048984567253687,0.46200445255388767,2.1750839221796427,0.029623828059721358,0.09938636902260489,1.9104105444281325,2.7316298800993764,1.1044929589946204,6.755861810693606,2 Demographics + clinical,all
ethnicitySouth Asian,0.5300515558981945,0.34186505697615494,1.5504701199548616,0.12102871985776582,-0.13999164334780256,1.2000947551441916,1.6990199008576221,0.8693655003535693,3.320431535799662,2 Demographics + clinical,all
ethnicityMixed,-14.043967239282297,0.11921872643110301,-117.80001061660697,0,-14.277631649369992,-13.810302829194603,7.957607677654979e-7,6.299460542699979e-7,1.005221312559134e-6,2 Demographics + clinical,all
ethnicityOther,0.36452508811933015,0.7206716813571147,0.5058129763512893,0.6129879481231095,-1.0479654520185404,1.7770156282572005,1.4398300533544597,0.35065043900729925,5.91218590346482,2 Demographics + clinical,all
bmiObese I (30-34.9),0.16435424376933738,0.18724808083967004,0.8777352645342446,0.3800874023586368,-0.20264525085066037,0.5313537383893352,1.1786317641077788,0.8165678668065215,1.7012337759464724,2 Demographics + clinical,all
bmiObese II (35-39.9),0.6101266406714374,0.2421475441627082,2.519648269740328,0.011747215386817594,0.13552617516770726,1.0847271061751675,1.8406644870086268,1.1451391696519628,2.958632316074251,2 Demographics + clinical,all
bmiObese III (40+),1.1560652619866076,0.28691896994907484,4.02923955216972,5.5957573813922986e-5,0.593714414405091,1.7184161095681243,3.177406385572614,1.810701636077974,5.575690184356172,2 Demographics + clinical,all
chronic_cardiac_disease,-0.731640194114975,0.5307177833677909,-1.378586165837868,0.168022384324489,-1.7718279354707753,0.3085475472408252,0.4811192136710774,0.1700219155108821,1.3614462410209727,2 Demographics + clinical,all
heart_failure,0.6011168512689135,0.26524595040411075,2.266262125220357,0.023435338909236964,0.08124434143175907,1.120989361106068,1.8241549729241224,1.0846358856767762,3.067887951326202,2 Demographics + clinical,all
other_heart_disease,1.0785014823481245,0.5028798970998727,2.1446502207940368,0.031980823728266015,0.09287499548316591,2.064127969213083,2.940270201348447,1.0973245561683032,7.8784246723917075,2 Demographics + clinical,all
dialysis,0.8543683112991335,0.6841732181982245,1.2487602387435146,0.211752780834475,-0.4865865555562502,2.195323178154517,2.3498895129836015,0.6147211334498706,8.982903665993149,2 Demographics + clinical,all
diabetes,0.30244416768524585,0.16342446743672318,1.8506663807997425,0.0642175634793576,-0.017861902683370345,0.6227502380538621,1.3531621241384342,0.9822966755271308,1.8640475732244968,2 Demographics + clinical,all
chronic_liver_disease,1.1011175830331117,0.34766914785176967,3.167142065486289,0.001539450923652941,0.41969857470791216,1.782536591358311,3.0075253057119555,1.5215028670458264,5.944917134504063,2 Demographics + clinical,all
current_copd,0.6048378568977711,0.20343891723518523,2.973068600235172,0.0029483854675668077,0.20610490606298332,1.003570807732559,1.8309553080425234,1.2288821144179456,2.7280056408314963,2 Demographics + clinical,all
other_resp_conditions,0.8375844492672264,0.244926590743534,3.4197366922249475,6.268177559288959e-4,0.3575371525537185,1.3176317459807343,2.3107784272627763,1.4298036863195502,3.73456649398346,2 Demographics + clinical,all
lung_cancer,0.36647757295583144,0.4949460550271707,0.7404394261425382,0.4590334033196255,-0.6035988691876026,1.3365540150992656,1.4426440459457475,0.546840084612966,3.805905788299574,2 Demographics + clinical,all
haematological_cancer,0.1704306973464635,0.4593693629115084,0.37101015241039215,0.7106299699997591,-0.7299167095612025,1.0707781042541296,1.1858154689275104,0.48194913017306684,2.9176488519500454,2 Demographics + clinical,all
cancer_excl_lung_and_haem,0.5620328596999358,0.1764421421444158,3.1853663352143986,0.0014457087173976085,0.21621261574178402,0.9078531036580875,1.7542349916654685,1.241366284957899,2.4789946716556055,2 Demographics + clinical,all
chemo_or_radio,0.5035627890439627,0.29863040951411296,1.6862408281302805,0.09174942293878156,-0.08174205829214609,1.0888676363800713,1.6546057932115124,0.9215096238093275,2.9709080189655923,2 Demographics + clinical,all
permanant_immunosuppression,-14.402854378255881,0.12884863649696435,-111.78119357588398,0,-14.655393065247024,-14.150315691264739,5.558016348225903e-7,4.3176124925144186e-7,7.154774955071591e-7,2 Demographics + clinical,all
asplenia,1.165477064313552,0.7102226251289859,1.641002444975455,0.10079690766484493,-0.2265337019447522,2.557487830571856,3.2074526794789815,0.7972924715533636,12.903361135535727,2 Demographics + clinical,all
dmards,0.49269364072823174,0.29765251525925135,1.6552644962502743,0.09787085740947565,-0.0906945690876596,1.076081850544123,1.6367190205261555,0.9132966173228422,2.9331644301986373,2 Demographics + clinical,all
dementia,1.5289273387986142,0.22260117675682883,6.868460270849447,6.489854134568604e-12,1.0926370494389952,1.9652176281582332,4.613225739093518,2.9821277310291476,7.1364655170187685,2 Demographics + clinical,all
other_neuro_conditions,0.7663499455006723,0.3163549843868526,2.4224367666783664,0.015416808572299589,0.14630556977271014,1.3863943212286345,2.1518973589366857,1.157549846257837,4.000399860419688,2 Demographics + clinical,all
LD_incl_DS_and_CP,1.582081961737348,0.6203174431156224,2.5504392618578358,0.010758726889347892,0.3662821142487547,2.7978818092259417,4.865074172838904,1.4423620961614227,16.409850737352727,2 Demographics + clinical,all
psychosis_schiz_bipolar,0.5835655827451028,0.4418633207644038,1.3206925203376474,0.18660390905992555,-0.2824706120423979,1.4496017775326036,1.792418065359496,0.7539187977674265,4.261417185167694,2 Demographics + clinical,all
flu_vaccine,0.14680069178411134,0.22336774338067383,0.6572152700398046,0.5110425083494976,-0.2909920405499943,0.584593424118217,1.158123116573678,0.7475216278554374,1.7942613339365645,2 Demographics + clinical,all
(Intercept),-41.67100277446407,58.88967838361328,-0.7076113152293849,0.4791866641347328,-157.092651467493,73.75064591856487,7.9893866523733e-19,5.96387208665473e-69,10702828322551332e16,3 Demographics + clinical + date,all
"timesincevax_pw(0,3]",-15.10274332015749,0.12282343395864381,-122.9630440494179,0,-15.343472827173965,-14.862013813141015,2.7603357773815133e-7,2.1697735858360697e-7,3.5116353400331543e-7,3 Demographics + clinical + date,all
"timesincevax_pw(3,7]",-3.0766141488441843,1.0034320655256856,-3.066091123201633,0.0021687720793068326,-5.043304858207163,-1.1099234394812052,0.04611513158704696,0.006452388812538402,0.32958419324610416,3 Demographics + clinical + date,all
"timesincevax_pw(7,14]",-2.1925342450972645,0.4966364707536066,-4.414766885263716,1.0111889594286021e-5,-3.165923841183413,-1.219144649011116,0.11163348322940748,0.042175160660346246,0.2954828003689718,3 Demographics + clinical + date,all
"timesincevax_pw(14,21]",-2.6065468984157287,0.6470438503944328,-4.028392970316924,5.615941699007928e-5,-3.8747295416069396,-1.3383642552245179,0.0737889049273454,0.020759951817705014,0.26227433176088816,3 Demographics + clinical + date,all
"timesincevax_pw(21,28]",-16.038640232156286,0.3090121111022012,-51.90295025961536,0,-16.64429284070329,-15.432987623609282,1.0826972905112556e-7,5.9084758410918227e-8,1.9839861487252827e-7,3 Demographics + clinical + date,all
"timesincevax_pw(28, Inf]",-1.9711030787024866,0.8352936633786249,-2.3597725747489813,0.018286141613400045,-3.6082485754391147,-0.3339575819658587,0.13930310914019603,0.02709926765021033,0.7160841564651932,3 Demographics + clinical + date,all
"poly(age, degree = 2, raw = TRUE)1",0.5543980515610369,1.5796314793661084,0.3509667025523648,0.7256133288792117,-2.5416227568422602,3.6504188599643346,1.7408927416433349,0.07873852258565692,38.49078492182078,3 Demographics + clinical + date,all
"poly(age, degree = 2, raw = TRUE)2",-0.002911219011126648,0.010594021285537944,-0.2747982973283994,0.7834712062949861,-0.023675119182231738,0.017852681159978442,0.9970930144777378,0.9766029377855312,1.018012992849131,3 Demographics + clinical + date,all
sexMale,0.6432662541480048,0.15520859080432076,4.144527379666778,3.405152716513242e-5,0.3390630060803215,0.947469502215688,1.9026853950902742,1.4036317797633973,2.5791747984646465,3 Demographics + clinical + date,all
imd2,0.29716862699230867,0.21288553162111673,1.3959080484680138,0.16274218667547447,-0.12007934781474283,0.7144166017993602,1.3460422593694932,0.8868500643106385,2.0429944552317214,3 Demographics + clinical + date,all
imd3,-0.21787589859813633,0.24047528922206451,-0.9060219838094924,0.36492421663578106,-0.6891988046452358,0.25344700744896304,0.8042252409536323,0.5019780905100036,1.2884590989415676,3 Demographics + clinical + date,all
imd4,-0.29773711406840986,0.25091151374465215,-1.1866219673418863,0.23537676701318805,-0.7895146443143547,0.19404041617753498,0.7424965059790989,0.45406512489893747,1.2141453530787563,3 Demographics + clinical + date,all
imd5 least deprived,-0.2560498761476803,0.24370532845224943,-1.0506535814125608,0.2934177224694994,-0.7337035427545936,0.22160379045923295,0.7741033585359608,0.4801275204523186,1.2480767799607193,3 Demographics + clinical + date,all
ethnicityBlack,0.7874929930648968,0.46947791167057207,1.6773802845435521,0.09346814215315098,-0.13266680534650088,1.7076527914762947,2.197879414617324,0.8757568409986729,5.515999070803618,3 Demographics + clinical + date,all
ethnicitySouth Asian,0.3312599591310667,0.36110232296415634,0.9173575966276688,0.3589552850148807,-0.3764875886124304,1.039007506874564,1.392721796000979,0.6862676351675087,2.8264104289032144,3 Demographics + clinical + date,all
ethnicityMixed,-14.044050163250311,0.16647543201278278,-84.36109757127372,0,-14.370336014306112,-13.717764312194511,7.956947828609479e-7,5.741724706141595e-7,1.102682939143543e-6,3 Demographics + clinical + date,all
ethnicityOther,0.32508760532447306,0.7324098031531296,0.4438602595499461,0.6571436180478304,-1.110409230779731,1.7605844414286773,1.3841518997457334,0.3294241229964087,5.815835416493191,3 Demographics + clinical + date,all
bmiObese I (30-34.9),0.1795895761414318,0.18954226871204158,0.9474909072354188,0.3433886874341638,-0.19190644408218274,0.5510855963650464,1.196726097372581,0.8253840844451934,1.7351356527491966,3 Demographics + clinical + date,all
bmiObese II (35-39.9),0.6001643131778206,0.2454664946349599,2.4449948416395557,0.014485421372494462,0.11905882428200493,1.0812698020736362,1.8224182231198442,1.1264361781388932,2.948421086267503,3 Demographics + clinical + date,all
bmiObese III (40+),1.1142142070663739,0.2908696458774247,3.8306307408092852,1.2781519742522746e-4,0.5441201769507021,1.6843082371820457,3.047172791319555,1.7230916994747332,5.388721925239803,3 Demographics + clinical + date,all
chronic_cardiac_disease,-0.7389760095806508,0.5370282923189644,-1.376046700239288,0.16880717541344079,-1.791532121204869,0.31358010204356734,0.47760272582528823,0.1667045623114511,1.3683150632049423,3 Demographics + clinical + date,all
heart_failure,0.6276757373597542,0.2725514692830031,2.302962222184936,0.0212809687269589,0.0934846736315934,1.161866801087915,1.87325158682601,1.0979937749552378,3.1958938088599087,3 Demographics + clinical + date,all
other_heart_disease,1.100747825544918,0.5076605018599353,2.1682754941778333,0.030137731805681606,0.10575152552591582,2.09574412556392,3.0064134562792306,1.1115456514693471,8.131489568735974,3 Demographics + clinical + date,all
dialysis,1.0303288341089158,0.7339310664442033,1.4038496000730964,0.16036364042891155,-0.4081496232567956,2.4688072914746275,2.801987072145693,0.6648793899599617,11.808354524185782,3 Demographics + clinical + date,all
diabetes,0.32264732191352474,0.16586796003322002,1.9452058242526462,0.051750211148091294,-0.0024479059407155335,0.647742549767765,1.3807782947768181,0.9975550877377858,1.9112214681300161,3 Demographics + clinical + date,all
chronic_liver_disease,1.1869321115350688,0.36032406293955865,3.294068405678937,9.874846363921736e-4,0.48070992541039037,1.8931542976597473,3.277012261961809,1.6172221018184525,6.640281104848256,3 Demographics + clinical + date,all
current_copd,0.6138178245020314,0.2032376185783292,3.020197878698631,0.0025260958835703145,0.21547941178481766,1.0121562372192452,1.8474712728210418,1.2404564438760242,2.7515275693469845,3 Demographics + clinical + date,all
other_resp_conditions,0.8242124043057419,0.24781638959041197,3.325899492232901,8.813370244677486e-4,0.33850120592978783,1.309923602681696,2.2800842734112345,1.4028434406834738,3.7058905812927763,3 Demographics + clinical + date,all
lung_cancer,0.3767360611122798,0.5189289945341481,0.7259876882587425,0.46784631814436417,-0.6403460787082327,1.3938182009327924,1.4575195625064714,0.5271099709354637,4.030208860058066,3 Demographics + clinical + date,all
haematological_cancer,0.20405113626842122,0.4606632420762121,0.44295076670055433,0.6578013460865867,-0.6988322272024108,1.1069344997392532,1.226360863371112,0.4971655413277264,3.025070810804532,3 Demographics + clinical + date,all
cancer_excl_lung_and_haem,0.5595658708783376,0.1791505939997244,3.123438546227753,0.001787511891417388,0.20843715882992037,0.910694582926755,1.7499126473303135,1.2317515229218419,2.4860487008148726,3 Demographics + clinical + date,all
chemo_or_radio,0.5201841275822473,0.30162782189837467,1.7245893442731197,0.08460150511664241,-0.0709955400738288,1.1113637952383235,1.6823373858979123,0.9314660463881261,3.038499461107034,3 Demographics + clinical + date,all
permanant_immunosuppression,-14.32942287979943,0.1489815663667321,-96.18252263858075,0,-14.62142138423859,-14.037424375360272,5.981508365313446e-7,4.466808925257031e-7,8.00984392280804e-7,3 Demographics + clinical + date,all
asplenia,1.1429536861506322,0.7342513774026524,1.5566245039862603,0.1195596625154574,-0.2961525691574931,2.5820599414587573,3.1360175104143946,0.7436739576551917,13.22435151102274,3 Demographics + clinical + date,all
dmards,0.49188319235933986,0.3010577457721298,1.6338499814970566,0.10229035451226334,-0.09817914662085014,1.0819455313395299,1.6353930816407152,0.9064864952144208,2.950414093974654,3 Demographics + clinical + date,all
dementia,1.4598562884765052,0.22465990011743947,6.498072364998716,8.135567186055696e-11,1.019530975475958,1.9001816014770523,4.305340756804646,2.771894372591615,6.687108720839456,3 Demographics + clinical + date,all
other_neuro_conditions,0.8099477088813554,0.31361164380854295,2.582645526311584,0.009804600238555458,0.19528018188420748,1.4246152358785031,2.24779044412648,1.2156515423183825,4.156258355968128,3 Demographics + clinical + date,all
LD_incl_DS_and_CP,1.3873295481373293,0.6361912254134771,2.180680104846885,0.029207085579720817,0.14041765904651138,2.6342414372281473,4.004142892033815,1.150754321455605,13.932739596010688,3 Demographics + clinical + date,all
psychosis_schiz_bipolar,0.5408390316760745,0.4447111655865814,1.2161579774204654,0.22392474823029349,-0.3307788363964532,1.4124568997486022,1.7174472504797957,0.7183640274500428,4.106031128327533,3 Demographics + clinical + date,all
flu_vaccine,0.3166321430248764,0.23215947671705786,1.3638562056666281,0.1726128265345672,-0.13839207001022213,0.771656356059975,1.3724975962376222,0.8707572270162353,2.1633465600199133,3 Demographics + clinical + date,all
"ns(tstop, df = 4)1",5.952015736603334,2.7681587312813973,2.1501714007014727,0.031541659470301624,0.5265243198017071,11.377507153404961,384.52766486956017,1.6930376132074683,87335.0502650159,3 Demographics + clinical + date,all
"ns(tstop, df = 4)2",3.775714482592243,2.040857067005673,1.8500631639686247,0.06430444631619485,-0.2242918663329232,7.775720831517409,43.628669107076135,0.7990818752341468,2382.059745125603,3 Demographics + clinical + date,all
"ns(tstop, df = 4)3",10.636851652082811,5.984040403796917,1.7775367367729755,0.07547997206060095,-1.0916520213916652,22.36535532555729,41641.462811990306,0.33566151541112665,5165952441.698637,3 Demographics + clinical + date,all
"ns(tstop, df = 4)4",4.5976017916469925,1.2003573291591219,3.830194292950849,1.2804211864879427e-4,2.2449446579164234,6.950258925377561,99.24601738381709,9.439893118650161,1043.4198610881483,3 Demographics + clinical + date,all
regionEast Midlands,-19.086019952882697,9.638383020513379,-1.9802097418479745,0.047679965664242215,-37.976903542291296,-0.19513636347409857,5.140991111169053e-9,3.212479402756512e-17,0.8227224611133934,3 Demographics + clinical + date,all
regionLondon,-11.509381440677789,12.674967223100236,-0.9080403316311416,0.3638569134035078,-36.35186070317991,13.333097821824328,1.0035503117719982e-5,1.6315015461301839e-16,617292.2303668535,3 Demographics + clinical + date,all
regionNorth East,-0.3677374394742062,3.179329836938002,-0.11566507985480752,0.9079179826876267,-6.599109414846292,5.863634535897879,0.6922989281985511,0.001361580100768356,352.0011828275106,3 Demographics + clinical + date,all
regionNorth West,1.382835441858838,3.222597745239007,0.42910581809405407,0.667846218409905,-4.933340075469598,7.699010959187275,3.9861882236359163,0.007202406480005141,2206.1649253434434,3 Demographics + clinical + date,all
regionSouth East,-115.87205658052231,43.07397011085965,-2.6900714348434085,0.007143672546368339,-200.29548666896196,-31.448626492082667,4.757789464553394e-51,1.0298533582965515e-87,2.1980372648837802e-14,3 Demographics + clinical + date,all
regionSouth West,-8.178758091754112,7.32655404796673,-1.1163171715117404,0.2642863939225389,-22.538540156555044,6.18102397304682,2.8055014140093357e-4,1.627932448852145e-10,483.4867803979281,3 Demographics + clinical + date,all
regionWest Midlands,-44.13744672613303,23.571760695646955,-1.8724713565535214,0.06114142106081303,-90.33724874179785,2.0623552895318014,6.781885317651022e-20,5.8483231431881286e-40,7.8644711202975515,3 Demographics + clinical + date,all
regionYorkshire and The Humber,2.078596529930519,3.087444424821506,0.6732417637122938,0.5007934954463842,-3.972683346988614,8.129876406849652,7.99324276138056,0.01882285705212065,3394.3800170954614,3 Demographics + clinical + date,all
"ns(tstop, df = 4)1:regionEast Midlands",17.70388691610807,9.112839883054791,1.9427409175736994,0.05204746971175713,-0.15695105155951694,35.564724883775654,48831537.19602449,0.8547458962723695,2789740243651177,3 Demographics + clinical + date,all
"ns(tstop, df = 4)2:regionEast Midlands",14.23710312145293,6.577763681316505,2.1644290994965405,0.030431432537247963,1.3449232072569828,27.12928303564888,1524387.3070921712,3.8378918070441244,605477376344.6545,3 Demographics + clinical + date,all
"ns(tstop, df = 4)3:regionEast Midlands",36.002913791357564,19.089165230027792,1.8860391933076242,0.059289673319394345,-1.411162554431158,73.41699013714629,4323811895692331.5,0.24385961821768218,7666439177577176e16,3 Demographics + clinical + date,all
"ns(tstop, df = 4)4:regionEast Midlands",6.759527839802127,3.70522429328232,1.8243235239651614,0.06810317608309858,-0.5025783296740931,14.021634009278348,862.2349866209254,0.6049688380252711,1228904.9045566414,3 Demographics + clinical + date,all
"ns(tstop, df = 4)1:regionLondon",10.829502841949687,11.951904435511878,0.9060901465855704,0.36488814025204175,-12.595799398318114,34.25480508221749,50488.59973464116,3.3862095183986496e-6,752788239863635.1,3 Demographics + clinical + date,all
"ns(tstop, df = 4)2:regionLondon",6.9208639544738455,8.577828661358227,0.8068316852318643,0.4197634615155556,-9.891371287343699,23.733099196291388,1013.1949708385783,5.0609498224307604e-5,20284019501.29452,3 Demographics + clinical + date,all
"ns(tstop, df = 4)3:regionLondon",19.982006384436342,25.551898099717217,0.782016518164554,0.4342048660705751,-30.098793627646838,70.06280639651952,476513391.4476988,8.477348078221338e-14,2678491081572155e15,3 Demographics + clinical + date,all
"ns(tstop, df = 4)4:regionLondon",1.448845663813367,5.528050150079322,0.26208981910060597,0.7932521956937106,-9.385933535073342,12.283624862700076,4.258196287006694,8.389592334919528e-5,216127.73177555742,3 Demographics + clinical + date,all
"ns(tstop, df = 4)1:regionNorth East",-2.6240416957438972,3.0616198084475985,-0.8570762733189996,0.3914027329374162,-8.624706254655608,3.376622863167814,0.07250920963477464,1.7961295814776873e-4,29.271749299592553,3 Demographics + clinical + date,all
"ns(tstop, df = 4)2:regionNorth East",1.9613272939785171,2.57412276705942,0.7619400749168863,0.44609577040777365,-3.0838606212425326,7.006515209199566,7.108756215464667,0.04578216742369712,1103.8012784154603,3 Demographics + clinical + date,all
"ns(tstop, df = 4)3:regionNorth East",0.48482534018700935,6.921831186508479,0.0700429304216484,0.9441594899880945,-13.081714492435756,14.051365172809776,1.6238913555130605,2.0829727196477325e-6,1265990.2405999901,3 Demographics + clinical + date,all
"ns(tstop, df = 4)4:regionNorth East",-1.7744359818323565,2.4690942659027,-0.7186586621404766,0.47235125933571315,-6.613771817436011,3.0648998537712986,0.16957906820691193,0.0013417617128192731,21.432315514131755,3 Demographics + clinical + date,all
"ns(tstop, df = 4)1:regionNorth West",-2.574210121191204,3.124328832955181,-0.8239241958268391,0.409982631343394,-8.697782109643416,3.5493618672610086,0.07621399885221383,1.6695569007537671e-4,34.791109056677335,3 Demographics + clinical + date,all
"ns(tstop, df = 4)2:regionNorth West",-2.5668108948892776,2.4749824801036473,-1.0371026524526286,0.2996880191743923,-7.417687418260046,2.284065628481491,0.07678001493526301,6.005363302585522e-4,9.816509670482601,3 Demographics + clinical + date,all
"ns(tstop, df = 4)3:regionNorth West",-2.374132506436773,6.720269636754492,-0.3532793525801658,0.7238790231034978,-15.545618960873645,10.797353948000099,0.09309521369026141,1.7726519286566481e-7,48891.26100803813,3 Demographics + clinical + date,all
"ns(tstop, df = 4)4:regionNorth West",0.4037928737928825,1.5254381413564115,0.26470616070595426,0.7912358311894789,-2.5860109439094034,3.3935966914951687,1.4974937446342242,0.075319896908365,29.77284366104306,3 Demographics + clinical + date,all
"ns(tstop, df = 4)1:regionSouth East",111.45887123165146,41.817719418678124,2.66535030559002,0.007690816311794693,29.49764725544111,193.4200952078618,25466703680633102e32,6466442678866.2295,1002951744205182e69,3 Demographics + clinical + date,all
"ns(tstop, df = 4)2:regionSouth East",81.91310323217613,29.54858697212981,2.7721495890628023,0.005568743926934107,23.99893697275226,139.8272694916,3753260682043382e20,26460978432.659515,5323675306724821e45,3 Demographics + clinical + date,all
"ns(tstop, df = 4)3:regionSouth East",217.2859351992038,82.30497004743455,2.640009893375529,0.008290360703065713,55.97115815758423,378.6007122408234,23231788871219022e78,2032193853940439e9,2655829379221784e149,3 Demographics + clinical + date,all
"ns(tstop, df = 4)4:regionSouth East",40.86949782292259,18.038996094460277,2.265619306579566,0.023474701964288854,5.5137151605217625,76.22528048532342,561561574003308800,248.07104093356753,12712140853293948e17,3 Demographics + clinical + date,all
"ns(tstop, df = 4)1:regionSouth West",6.295590471385062,6.620127119309136,0.9509772785212104,0.34161591021939164,-6.679620255537739,19.270801198307865,542.1758912445837,0.0012562549378500102,233992868.955358,3 Demographics + clinical + date,all
"ns(tstop, df = 4)2:regionSouth West",4.975000106322704,5.061992573182641,0.9828145803056282,0.32569870454964384,-4.946323027124504,14.896323239769913,144.74884053826824,0.0071095023745971495,2947073.611232918,3 Demographics + clinical + date,all
"ns(tstop, df = 4)3:regionSouth West",14.275253858913722,15.177736776374275,0.9405390322182052,0.346941138145376,-15.47256358960891,44.023071307436354,1583667.4068928678,1.907001401132775e-7,13151550146554718e3,3 Demographics + clinical + date,all
"ns(tstop, df = 4)4:regionSouth West",3.692948621306917,2.6478475860192763,1.3946983356616933,0.16310682700400458,-1.4967372838421862,8.88263452645602,40.16309829979454,0.22385935946555913,7205.749488830868,3 Demographics + clinical + date,all
"ns(tstop, df = 4)1:regionWest Midlands",43.204866272285315,22.744930443662614,1.8995382896114075,0.05749373722101983,-1.3743782281620298,87.78411077273266,5802765407928815e3,0.2529968532289942,13309290589862698e22,3 Demographics + clinical + date,all
"ns(tstop, df = 4)2:regionWest Midlands",32.07866433278284,16.267066010101928,1.9720006246278114,0.04860953521313162,0.19580081884739542,63.96152784671829,85425377481346.34,1.2162846202332511,5999825202452242e12,3 Demographics + clinical + date,all
"ns(tstop, df = 4)3:regionWest Midlands",83.99267930889938,45.42002620307005,1.8492433036778413,0.06442268840479513,-5.028936225983443,173.0142948437822,30030125288801097e20,0.0065457700883540144,1377696455403398e60,3 Demographics + clinical + date,all
"ns(tstop, df = 4)4:regionWest Midlands",14.757852714437101,9.712088083308133,1.5195344799025214,0.12862801586497638,-4.277490143527478,33.79319557240168,2565984.322504788,0.013877448818104718,474458643634152.94,3 Demographics + clinical + date,all
"ns(tstop, df = 4)1:regionYorkshire and The Humber",-4.493941293000366,3.0525598861121654,-1.4721877573789348,0.14097018248658183,-10.476848730431897,1.4889661444311661,0.01117650699986668,2.818138990179818e-5,4.432510573585959,3 Demographics + clinical + date,all
"ns(tstop, df = 4)2:regionYorkshire and The Humber",-0.28821723332400156,2.273402518511079,-0.12677791591115325,0.8991161752305128,-4.744004291968369,4.167569825320366,0.7495987367256132,0.008703724060593268,64.55837319621263,3 Demographics + clinical + date,all
"ns(tstop, df = 4)3:regionYorkshire and The Humber",-4.92607255691449,6.434946136186227,-0.7655188485903948,0.44396264704740074,-17.53833522629467,7.686190112465689,0.007254940768473794,2.41656115116334e-8,2178.060568784896,3 Demographics + clinical + date,all
"ns(tstop, df = 4)4:regionYorkshire and The Humber",-0.5360189168488982,1.7153735026114822,-0.31247941980732696,0.7546762012001275,-3.898089202001727,2.82605136830393,0.5850728457524054,0.020280626626341412,16.878681371324564,3 Demographics + clinical + date,all
(Intercept),-55.96878908743932,63.62146929074467,-0.8797154437233561,0.37901348094011367,-180.6645775408199,68.72699936594127,4.93246191383443e-25,3.454386268550015e-79,7042982063971603e14,4 Fully adjusted,all
"timesincevax_pw(0,3]",-14.329754266412833,0.1290911581893259,-111.00492448442306,0,-14.582768287186473,-14.076740245639192,5.979526501912868e-7,4.642845180511511e-7,7.701040158986988e-7,4 Fully adjusted,all
"timesincevax_pw(3,7]",-2.1564149469703997,0.9967743347780245,-2.1633933295951286,0.030510940186577608,-4.1100567438491975,-0.20277315009160146,0.11573930971319449,0.01640684351242417,0.816463435074692,4 Fully adjusted,all
"timesincevax_pw(7,14]",-0.8383096170837611,0.5541171439787608,-1.5128743555277786,0.13031157702671567,-1.9243592624983274,0.24774002833080544,0.432440896653942,0.14596925487487472,1.2811268322165974,4 Fully adjusted,all
"timesincevax_pw(14,21]",-1.102946713571909,0.6770660570967592,-1.6290090191514173,0.10331110966095865,-2.4299718006360966,0.22407837349227844,0.33189165171951274,0.08803931520005541,1.2511690740756356,4 Fully adjusted,all
"timesincevax_pw(21,28]",-14.259145079712543,0.41140686728410686,-34.65947268659847,3.2160788120974706e-263,-15.065487722581842,-13.452802436843243,6.416999053347539e-7,2.865113393814951e-7,1.4372163049307489e-6,4 Fully adjusted,all
"timesincevax_pw(28, Inf]",-0.10383098216052453,0.9253693194300354,-0.1122049110343072,0.9106609353201244,-1.9175215206417344,1.7098595563206853,0.9013776334472459,0.14697077512502935,5.528185024456543,4 Fully adjusted,all
"poly(age, degree = 2, raw = TRUE)1",0.9864103236142603,1.7097113937565231,0.5769455167792683,0.563976261219086,-2.364562432106303,4.337383079334824,2.681591130109501,0.09399041856130019,76.50706422157334,4 Fully adjusted,all
"poly(age, degree = 2, raw = TRUE)2",-0.006056834464891161,0.011476827550903438,-0.5277446609724807,0.597676570890812,-0.028551003121438927,0.016437334191656605,0.9939614711802424,0.9718527253594936,1.0165731704105065,4 Fully adjusted,all
sexMale,0.6126104899072752,0.16731307589677943,3.6614621219755317,2.507799425610803e-4,0.284682887006971,0.9405380928075794,1.845242102788376,1.32934041015852,2.561359296597958,4 Fully adjusted,all
imd2,0.2539155195459801,0.2247255636498895,1.1298915682844475,0.2585219172708421,-0.18653849161326674,0.6943695307052269,1.289062899048716,0.8298266199712663,2.0024461950394143,4 Fully adjusted,all
imd3,-0.35999804052793877,0.25337989201917693,-1.4207837790880915,0.15537962776560255,-0.8566135032921733,0.1366174222362958,0.6976776931496391,0.4245975485453519,1.1463894814894606,4 Fully adjusted,all
imd4,-0.4441302923146189,0.26339229231731426,-1.6861932002913957,0.09175859316704908,-0.9603696990620008,0.07210911443276286,0.6413818482574423,0.3827513569974974,1.0747726108697309,4 Fully adjusted,all
imd5 least deprived,-0.41924047623227717,0.2582713321985587,-1.6232559481668123,0.10453470225941171,-0.9254429855806321,0.08696203311607781,0.6575460520565899,0.396355800275245,1.090855262556913,4 Fully adjusted,all
ethnicityBlack,1.1352980750321995,0.4610885224936114,2.462212828227425,0.013808270152399464,0.23158117725993477,2.0390149728044644,3.112101044284741,1.2605916538005855,7.683037469459787,4 Fully adjusted,all
ethnicitySouth Asian,0.49643074348785265,0.3702897805008007,1.3406547240284403,0.18003258088871377,-0.22932389013695853,1.2221853771126638,1.6428470511025044,0.7950709761498451,3.3945981104553997,4 Fully adjusted,all
ethnicityMixed,-13.721454512417147,0.15631661937097635,-87.77988269982276,0,-14.027829456569316,-13.415079568264977,1.098621317024563e-6,8.087067609829118e-7,1.492467797293819e-6,4 Fully adjusted,all
ethnicityOther,0.530165174286021,0.7347698829658909,0.72153906491923,0.4705779146216112,-0.9099573332518354,1.9702876818238773,1.699212951726499,0.4025413987997261,7.172739658391246,4 Fully adjusted,all
bmiObese I (30-34.9),0.21740241840623048,0.20176766072493388,1.0774889178232143,0.2812618991013198,-0.17805492985953658,0.6128597666719975,1.2428441448777894,0.8368964516216313,1.845702136105315,4 Fully adjusted,all
bmiObese II (35-39.9),0.633130258170427,0.25303570038878415,2.5021380666745263,0.012344577320776082,0.13718939860554247,1.1290711177353114,1.8834971936256428,1.1470453767432367,3.0927823347914374,4 Fully adjusted,all
bmiObese III (40+),1.2745321664289344,0.29567945437968707,4.310519880736407,1.6287118460721692e-5,0.6950110848762939,1.8540532479815748,3.577027565012106,2.003731284931492,6.3856497610625995,4 Fully adjusted,all
chronic_cardiac_disease,-0.6078418479385356,0.5579187664572153,-1.0894809145753097,0.2759418666792069,-1.7013425364936907,0.4856588406166197,0.5445247691444877,0.18243842931602536,1.625245433889583,4 Fully adjusted,all
heart_failure,0.599848598900658,0.2877059042307913,2.0849367012623863,0.037075046668773794,0.035955388468777216,1.1637418093325387,1.8218429504835147,1.0366096007178158,3.2018917574447596,4 Fully adjusted,all
other_heart_disease,1.0578625959291827,0.5269020807896552,2.007702445099078,0.044674920660641104,0.025153494202244886,2.0905716976561206,2.880208236658075,1.0254725125299744,8.089538612835845,4 Fully adjusted,all
dialysis,1.2146401373518771,0.7349910801611199,1.6525916710249215,0.09841399432783533,-0.22591590872210943,2.655196183425864,3.36908143957693,0.797785185620788,14.227777039591587,4 Fully adjusted,all
diabetes,0.4430631498145621,0.17267396106949304,2.565894400466381,0.010291015283020228,0.10462840505048443,0.7814978945786397,1.5574706852212843,1.1102979525780452,2.184742329472276,4 Fully adjusted,all
chronic_liver_disease,1.3977364625774065,0.36637843040356044,3.815007507504796,1.3617879336008928e-4,0.6796479342741134,2.1158249908806996,4.046031250744364,1.9731829198508277,8.296427420544264,4 Fully adjusted,all
current_copd,0.6377701504941817,0.21025334272014876,3.0333413121667516,0.0024186187777677035,0.22568117113353348,1.04985912985483,1.8922567237193508,1.2531760528771658,2.8572485886881687,4 Fully adjusted,all
other_resp_conditions,0.8538062868768954,0.25390307166942205,3.3627253158580857,7.717711568368908e-4,0.35616541084073616,1.3514471629130547,2.34856918874973,1.4278437095599252,3.8630118950795946,4 Fully adjusted,all
lung_cancer,-0.026410160337922817,0.6015336158789337,-0.043904712289991446,0.9649803590605938,-1.2053943829507838,1.1525740622749383,0.9739355379448695,0.29957382940182226,3.166332766670547,4 Fully adjusted,all
haematological_cancer,0.2749278732414462,0.4697635382577639,0.5852473656450334,0.5583814004684879,-0.6457917429938747,1.195647489476767,1.316435721201898,0.5242473086155262,3.30569748203956,4 Fully adjusted,all
cancer_excl_lung_and_haem,0.5036203603891547,0.19668600736035843,2.560529684587304,0.010451273446195375,0.11812286969987229,0.8891178510784371,1.6547010538349047,1.1253823782678214,2.432982451508353,4 Fully adjusted,all
chemo_or_radio,0.5258470106255831,0.32986501466158663,1.5941278621652475,0.1109073995663007,-0.12067653787090338,1.1723705591220697,1.691891291547432,0.8863206043807649,3.229639622802117,4 Fully adjusted,all
permanant_immunosuppression,-14.125590669597596,0.15740106017282346,-89.74266535490904,0,-14.434091078664752,-13.81709026053044,7.333882009441934e-7,5.387085808025588e-7,9.98421544507178e-7,4 Fully adjusted,all
asplenia,1.3174401158377416,0.7329449490116943,1.7974612112603856,0.07226243070085557,-0.11910558687572514,2.7539858185512083,3.733850907038406,0.8877140648587508,15.70510499708018,4 Fully adjusted,all
dmards,0.40867959588850405,0.3216326517324031,1.270640880791306,0.20385643638479617,-0.22170881775912005,1.0390680095361282,1.504829489679725,0.8011486106221416,2.82658143943008,4 Fully adjusted,all
dementia,1.3355276627312702,0.24864537128991163,5.371214657256147,7.820804499704452e-8,0.848191690080454,1.8228636353820864,3.802001591764788,2.3354198683154626,6.189557732164248,4 Fully adjusted,all
other_neuro_conditions,0.8471633171800528,0.33715593235919666,2.5126751033332204,0.011981962618010789,0.18634983258200488,1.5079768017781006,2.333019420301221,1.2048436802357023,4.5175815790790725,4 Fully adjusted,all
LD_incl_DS_and_CP,1.6463264685572494,0.6458300113429758,2.549163773194411,0.01079815778964752,0.38052290618992246,2.912130030924576,5.187886913743159,1.463049427049202,18.395940787913243,4 Fully adjusted,all
psychosis_schiz_bipolar,0.78521284837074945,0.4447559197770224,1.765491617884287,0.07748117774194231,-0.08649273630319976,1.6569184330446987,2.1928736406449665,0.9171422106034515,5.243128871662702,4 Fully adjusted,all
flu_vaccine,0.05334508121090666,0.23039248720883074,0.23154002049795136,0.816895298128563,-0.3982158960270066,0.5049060584488199,1.0547935717666221,0.671517034151071,1.6568298679820077,4 Fully adjusted,all
"ns(tstop, df = 4)1",5.919274266859146,2.662136797832909,2.2235049196862025,0.026181772020373723,0.7015820211878587,11.136966512530433,372.1415404021601,2.0169410282513422,68663.05169713403,4 Fully adjusted,all
"ns(tstop, df = 4)2",3.3252904122913782,2.0076127920977576,1.6563405181418362,0.09765287947366415,-0.6095583551221249,7.260139179704881,27.807072985951017,0.5435908902008647,1422.4545002221903,4 Fully adjusted,all
"ns(tstop, df = 4)3",8.987980169343121,5.776324751140181,1.5560032644579056,0.11970731610788828,-2.333408305898921,20.309368644585163,8006.2692446308565,0.09696469789971156,661068910.7062398,4 Fully adjusted,all
"ns(tstop, df = 4)4",2.7568726534930463,1.2737595174475118,2.164358825767635,0.03043682124746559,0.26034987433080525,5.253395432655287,15.750508547697123,1.2973839286011373,191.21442314963988,4 Fully adjusted,all
regionEast Midlands,-16.997646024494973,8.625998577601406,-1.9705134277011942,0.048779557606071694,-33.904292567287456,-0.09099948170248595,4.149694509885793e-8,1.8860483640950707e-15,0.9130181841141983,4 Fully adjusted,all
regionLondon,-10.992284219950141,10.854750133465686,-1.0126704055637754,0.31121761817875887,-32.267203542724225,10.282635102823944,1.6831065874476625e-5,9.694637059847088e-15,29220.771930108782,4 Fully adjusted,all
regionNorth East,-0.30284997043004863,3.011109921615806,-0.10057752068630389,0.9198858420954391,-6.204516970288252,5.598817029428155,0.7387099163882094,0.0020202844305302107,270.1066900897029,4 Fully adjusted,all
regionNorth West,1.4494185696938955,3.0738438017480263,0.4715329285338583,0.6372602106444922,-4.575204575833913,7.474041715221704,4.260636531648472,0.010304190973903001,1761.7126566067072,4 Fully adjusted,all
regionSouth East,-110.53516683925997,41.1721510692136,-2.6847071131513562,0.007259339013662278,-191.23110010096087,-29.839233577559057,9.889788077507523e-49,8.899968260884339e-84,1.0989691800124769e-13,4 Fully adjusted,all
regionSouth West,-10.221482215705722,8.367339440715806,-1.2215928716800448,0.22186162563158218,-26.62116616593022,6.178201734518774,3.638033357588211e-5,2.7452027944667438e-12,482.12418906179516,4 Fully adjusted,all
regionWest Midlands,-36.66156668821506,21.171433542237267,-1.7316525409143784,0.08333544537559318,-78.15681393208335,4.833680555653231,1.1969717189513574e-16,1.1400581042115835e-34,125.67265568978974,4 Fully adjusted,all
regionYorkshire and The Humber,1.816066572032192,3.0080461444666895,0.603736274249932,0.5460189932312227,-4.079595534957086,7.711728679021471,6.147629571755658,0.016914305514675352,2234.4014845146353,4 Fully adjusted,all
"ns(tstop, df = 4)1:regionEast Midlands",15.70929502790086,8.11545263553401,1.935726290745231,0.05290123269350934,-0.19669985598645923,31.615289911788178,6644466.944672527,0.8214371457579892,53745975826436.48,4 Fully adjusted,all
"ns(tstop, df = 4)2:regionEast Midlands",12.899087532817374,5.857541289950202,2.202133436933406,0.02765588419505521,1.418517566558691,24.379657499076057,399947.0861910496,4.130991978200916,38721370701.468636,4 Fully adjusted,all
"ns(tstop, df = 4)3:regionEast Midlands",31.31535224967254,17.252891799768904,1.815078458330794,0.0695118531228268,-2.4996943070409365,65.13039880638601,39818480302997.93,0.08211009526576078,19309579029332505e12,4 Fully adjusted,all
"ns(tstop, df = 4)4:regionEast Midlands",5.088958755786785,3.3995350287347814,1.4969572935039777,0.13440437073928105,-1.5740074647157227,11.751924976289292,162.22086254948795,0.20721311697933456,126997.79159696876,4 Fully adjusted,all
"ns(tstop, df = 4)1:regionLondon",10.045719742477868,9.952098867108331,1.0094071488456524,0.31277941137004256,-9.460035607636332,29.551475092592067,23056.885926264753,7.790381699496231e-5,6824055728247.09,4 Fully adjusted,all
"ns(tstop, df = 4)2:regionLondon",7.121299564799442,9.319902375394154,0.7640959398459655,0.4448100716783316,-11.145373430402394,25.38797256000128,1238.0583254788587,1.4441949446342482e-5,106134453868.74046,4 Fully adjusted,all
"ns(tstop, df = 4)3:regionLondon",11.53359357325625,22.026575062743426,0.5236217405748478,0.6005416571787212,-31.63770025248894,54.704887399001436,102088.31727391173,1.8193713865610006e-14,5728365632658802e8,4 Fully adjusted,all
"ns(tstop, df = 4)4:regionLondon",-10.330186425523372,26.95751606155397,-0.3832024583398463,0.7015696554059309,-63.165947018829186,42.50557416778244,3.263300281065795e-5,3.692986886673913e-28,2883608594125073400,4 Fully adjusted,all
"ns(tstop, df = 4)1:regionNorth East",-2.6358341542358,2.925372550602844,-0.9010251202680569,0.36757496360550096,-8.36945899477945,3.0977906863078495,0.07165916967104104,2.3184094697848492e-4,22.1489631787071,4 Fully adjusted,all
"ns(tstop, df = 4)2:regionNorth East",1.6492511097881326,2.37599801636875,0.6941298344637054,0.487600790147276,-3.007619429633226,6.306121649209492,5.203081830721758,0.04940916085195864,547.9158129866056,4 Fully adjusted,all
"ns(tstop, df = 4)3:regionNorth East",0.9464140361047203,6.6443528843421875,0.14243885786605362,0.886733371138269,-12.076278317780792,13.969106389990232,2.5764540029769036,5.6929709100656816e-06,1166019.5237813222,4 Fully adjusted,all
"ns(tstop, df = 4)4:regionNorth East",-0.44596653947953774,2.4238838075965963,-0.18398841482494005,0.854022543404868,-5.19669150507868,4.304758426119604,0.6402051933022327,0.0055348461719943376,74.05132442614314,4 Fully adjusted,all
"ns(tstop, df = 4)1:regionNorth West",-2.447277435641854,2.9997374492934905,-0.8158305441758731,0.41459706115545303,-8.326654799333141,3.432099928049433,0.08652884645217229,2.4198016467175348e-4,30.941549603869635,4 Fully adjusted,all
"ns(tstop, df = 4)2:regionNorth West",-3.074454311411452,2.32377555186588,-1.3230427133734206,0.18582117376958315,-7.628970701223265,1.4800620784003606,0.046214840413130565,4.861610058242266e-4,4.393218396424283,4 Fully adjusted,all
"ns(tstop, df = 4)3:regionNorth West",-3.0114632867140436,6.449476135926868,-0.4669314566401229,0.6405489185814286,-15.652204232281255,9.629277658853168,0.049219603647956994,1.5934339727861533e-7,15203.450062170237,4 Fully adjusted,all
"ns(tstop, df = 4)4:regionNorth West",0.2304219572574087,1.6388863557131181,0.14059666581161245,0.8881885823703982,-2.981736274694402,3.4425801892092194,1.2591311973991648,0.050704720069814246,31.26753032224486,4 Fully adjusted,all
"ns(tstop, df = 4)1:regionSouth East",106.28203745612963,39.79958009035736,2.670431125525358,0.007575391109082112,28.276293879211835,184.28778103304742,1437812955838219e31,1906506983460.9106,10843422625305178e64,4 Fully adjusted,all
"ns(tstop, df = 4)2:regionSouth East",78.37187260014545,28.399764078137522,2.7595959031391057,0.005787289789672896,22.709357837561548,134.03438736272935,10876065305918087e18,7287000451.262002,16232851545673828e42,4 Fully adjusted,all
"ns(tstop, df = 4)3:regionSouth East",206.28014811416796,78.5228779791247,2.6270069745661577,0.008613956843907498,52.37813531265027,360.18216091568564,3857714222345854e74,55915876714662056e6,266149077787547e142,4 Fully adjusted,all
"ns(tstop, df = 4)4:regionSouth East",37.4664763200736,16.765270598954192,2.2347671693656253,0.025432638264839005,4.607149755055133,70.32580288509207,18684605044857172,100.19815297074146,3484240530703654e15,4 Fully adjusted,all
"ns(tstop, df = 4)1:regionSouth West",7.8596245144410455,7.526212930762792,1.0443000466164676,0.29634659132320357,-6.891481769833672,22.610730798715764,2590.5474796014637,0.0010164066439079349,6602609579.830111,4 Fully adjusted,all
"ns(tstop, df = 4)2:regionSouth West",6.88138123440829,5.932912885749999,1.159865544450581,0.24610355297752035,-4.746914345075305,18.509676813891886,973.9707130061665,0.008678432578974375,109307636.04616836,4 Fully adjusted,all
"ns(tstop, df = 4)3:regionSouth West",18.194988737331364,17.16187034868995,1.060198472989879,0.28905431566962386,-15.441659053446784,51.83163652810951,79796383.13989177,1.966856528524379e-7,3237380393467515e7,4 Fully adjusted,all
"ns(tstop, df = 4)4:regionSouth West",3.3096246906274702,3.109281820258132,1.0644338088184961,0.28713222482494666,-2.7844556948636088,9.403705076118548,27.374849506099466,0.061762697637021795,12133.25217570158,4 Fully adjusted,all
"ns(tstop, df = 4)1:regionWest Midlands",36.04871458462372,20.252428467234225,1.7799699746104924,0.07508087465003865,-3.6453158106290857,75.74274497987652,4526451004431863,0.026113161737529627,7846142455463729e17,4 Fully adjusted,all
"ns(tstop, df = 4)2:regionWest Midlands",26.630797639254446,14.71883101236152,1.8093011338256915,0.07040423295379829,-2.2175810395053475,55.47917631801424,367797237883.05963,0.10887214798096684,12425106944528812e8,4 Fully adjusted,all
"ns(tstop, df = 4)3:regionWest Midlands",68.66970715094034,40.92152650394438,1.6780827358510526,0.0933309485266482,-11.535010989191889,148.87442529107255,6650815336289795e14,9.781565753940247e-6,45221128958427416e48,4 Fully adjusted,all
"ns(tstop, df = 4)4:regionWest Midlands",11.029060016629574,8.372704305666218,1.3172637673547924,0.18775022580383355,-5.381138875679651,27.439258908938797,61639.613345544654,0.004602577180786063,825503144031.8707,4 Fully adjusted,all
"ns(tstop, df = 4)1:regionYorkshire and The Humber",-4.529832605330689,2.991895702748768,-1.5140342630155725,0.13001714967900127,-10.393840428218429,1.3341752175570498,0.010782480851500183,3.06205125682794e-5,3.7968630686282796,4 Fully adjusted,all
"ns(tstop, df = 4)2:regionYorkshire and The Humber",0.02720649348247806,2.3205644918818726,0.011724084194882611,0.9906457485286223,-4.521016334408482,4.575429321373439,1.0275799694236303,0.010877962401050836,97.06970429118833,4 Fully adjusted,all
"ns(tstop, df = 4)3:regionYorkshire and The Humber",-4.231466064608615,6.3275723173390475,-0.6687345244578865,0.5036648401692935,-16.633279916165794,8.170347786948565,0.014531071435079645,5.973905061902493e-8,3534.573028252019,4 Fully adjusted,all
"ns(tstop, df = 4)4:regionYorkshire and The Humber",-0.5483327801972797,1.8253363329050214,-0.3004009564224301,0.7638713342357244,-4.125926252363535,3.029260691968976,0.5779125148264909,0.016148530044642395,20.681936614031613,4 Fully adjusted,all
