stratum,model,model_descr,model_descr_wrap,term,estimate,conf.low,conf.high,std.error,statistic,p.value,or,or.ll,or.ul
,1,"Region-stratified Cox model, with no further adjustment","Region-stratified Cox model,
with no further adjustment",(Intercept),-10.795693739281036,-11.31549100834384,-10.275896470218234,0.2652075615485269,-40.706583463328855,0,2.0487538406175772e-5,1.218273212616437e-5,3.4453620550604565e-5
,1,"Region-stratified Cox model, with no further adjustment","Region-stratified Cox model,
with no further adjustment",timesincevax_pw1-3,-5.406115137860116,-6.792354911629925,-4.019875364090307,0.7072781871015447,-7.643548516623424,2.1131545148333135e-14,0.004489045704188136,0.001122322688996457,0.017955202663067237
,1,"Region-stratified Cox model, with no further adjustment","Region-stratified Cox model,
with no further adjustment",timesincevax_pw4-7,-5.022335222727992,-5.900591399739965,-4.144079045716018,0.44809812013870987,-11.208114912808194,3.7203228895304553e-29,0.006589121662543911,0.0027378251907858907,0.01585803375245545
,1,"Region-stratified Cox model, with no further adjustment","Region-stratified Cox model,
with no further adjustment",timesincevax_pw8-14,-5.105792617195488,-5.699912883699193,-4.511672350691782,0.30312815500185253,-16.843676619759336,1.1675166345600932e-63,0.006061532535686511,0.0033462569583016075,0.010980082264762665
,1,"Region-stratified Cox model, with no further adjustment","Region-stratified Cox model,
with no further adjustment",timesincevax_pw15-21,-4.676862687173797,-5.100811662186759,-4.252913712160835,0.21630447210102718,-21.621664322268014,1.1235189386440363e-103,0.009308170769562585,0.006091800074577541,0.01422273252809398
,1,"Region-stratified Cox model, with no further adjustment","Region-stratified Cox model,
with no further adjustment",timesincevax_pw22-28,-5.1184472209834535,-5.630823176397904,-4.606071265569003,0.26142110745707914,-19.57931886515252,2.3210329037214396e-85,0.0059853095461522895,0.0035856225123309365,0.009990993262693834
,1,"Region-stratified Cox model, with no further adjustment","Region-stratified Cox model,
with no further adjustment",timesincevax_pw29-35,-5.854755336116485,-6.600649995382224,-5.108860676850745,0.38056549260560996,-15.384356831805352,2.084373630796883e-53,0.0028662367799558914,0.0013594840919167726,0.006042963891684035
,1,"Region-stratified Cox model, with no further adjustment","Region-stratified Cox model,
with no further adjustment",timesincevax_pw36+,-5.748103395701048,-6.153966784826404,-5.342240006575692,0.20707696280480375,-27.758294876670387,1.3837452709594594e-169,0.003188823000274561,0.0021250354703271548,0.004785139951341411
,1,"Region-stratified Cox model, with no further adjustment","Region-stratified Cox model,
with no further adjustment","ns(tstop, df = 5)1",2.9190377741500453,2.390418149009396,3.4476573992906947,0.2697088463412255,10.822921879458816,2.6809165378603878e-27,18.523455134399747,10.91805836396084,31.426685833509712
,1,"Region-stratified Cox model, with no further adjustment","Region-stratified Cox model,
with no further adjustment","ns(tstop, df = 5)2",5.210662092695852,4.6141588204128245,5.8071653649788795,0.3043439966183916,17.120962301186296,1.0354935628156092e-65,183.21532357233298,100.90291535119056,332.6747762924632
,1,"Region-stratified Cox model, with no further adjustment","Region-stratified Cox model,
with no further adjustment","ns(tstop, df = 5)3",3.825090499656771,3.314516203173679,4.335664796139863,0.2605018768255116,14.68354296049421,8.21817722068503e-49,45.836948406730755,27.50908195812368,76.37571629760785
,1,"Region-stratified Cox model, with no further adjustment","Region-stratified Cox model,
with no further adjustment","ns(tstop, df = 5)4",3.7668727498373724,2.609509807204696,4.924235692470049,0.5905021478771078,6.379100843882645,1.781307170546455e-10,43.244616421963066,13.592386328664457,137.58414484871892
,1,"Region-stratified Cox model, with no further adjustment","Region-stratified Cox model,
with no further adjustment","ns(tstop, df = 5)5",1.7519915192292168,1.0972887327421583,2.4066943057162753,0.3340381719517659,5.244884166957419,1.5638054235081853e-7,5.7660744972762465,2.9960319587636604,11.097216440194266
,1,"Region-stratified Cox model, with no further adjustment","Region-stratified Cox model,
with no further adjustment",regionNorth East and Yorkshire,-2.638959395638287,-3.443087660008826,-1.8348311312677477,0.410277061575315,-6.432139748455935,1.2581997643645999e-10,0.07143556705519001,0.0319658331707396,0.15964045777376115
,1,"Region-stratified Cox model, with no further adjustment","Region-stratified Cox model,
with no further adjustment",regionEast of England,-1.5674793161792597,-2.308577393837281,-0.8263812385212382,0.3781182121221149,-4.145474261559863,3.391110926210849e-5,0.2085702599814852,0.09940256171835286,0.4376301032563084
,1,"Region-stratified Cox model, with no further adjustment","Region-stratified Cox model,
with no further adjustment",regionSouth East,0.05047702916317536,-0.997991032564314,1.0989450908906646,0.5349425142490739,0.09435972617362923,0.9248234068719097,1.0517727029783757,0.3686192418579416,3.0009985728220756
,1,"Region-stratified Cox model, with no further adjustment","Region-stratified Cox model,
with no further adjustment",regionSouth West,0.7621046768517371,-0.4192975722076401,1.9435069259111142,0.602767325511146,1.2643430468057857,0.20610692526573604,2.14278134020829,0.6575085098951651,6.983197635992448
,1,"Region-stratified Cox model, with no further adjustment","Region-stratified Cox model,
with no further adjustment",regionNorth West,-0.5996158210130176,-1.7519964160492392,0.552764774023204,0.5879600870863205,-1.0198240223829782,0.307811928067561,0.5490225184981257,0.17342736443386925,1.7380517013678276
,1,"Region-stratified Cox model, with no further adjustment","Region-stratified Cox model,
with no further adjustment",regionLondon,-0.615773248383328,-2.0272339133607833,0.7956874165941275,0.7201462251913185,-0.8550669667396199,0.39251407568890895,0.5402230071975328,0.13169930948186823,2.215963763619618
,1,"Region-stratified Cox model, with no further adjustment","Region-stratified Cox model,
with no further adjustment","ns(tstop, df = 5)1:regionNorth East and Yorkshire",0.6276160791824159,-0.19736464807627674,1.4525968064411086,0.4209162687508728,1.4910710889007768,0.13594283184448147,1.8731398353841207,0.8208912423174567,4.2741993848022775
,1,"Region-stratified Cox model, with no further adjustment","Region-stratified Cox model,
with no further adjustment","ns(tstop, df = 5)2:regionNorth East and Yorkshire",0.4970278594726492,-0.4247377445961947,1.4187934635414932,0.47029721532620683,1.0568377682778782,0.290585634103597,1.6438283142720997,0.6539412622732631,4.13213186366193
,1,"Region-stratified Cox model, with no further adjustment","Region-stratified Cox model,
with no further adjustment","ns(tstop, df = 5)3:regionNorth East and Yorkshire",-0.43661771080377015,-1.236023621013701,0.36278819940616075,0.40786765293420846,-1.0704886932384394,0.2843993956848637,0.6462184265186984,0.29053721010993033,1.4373313993560282
,1,"Region-stratified Cox model, with no further adjustment","Region-stratified Cox model,
with no further adjustment","ns(tstop, df = 5)4:regionNorth East and Yorkshire",1.9403074247115666,0.16222825231394622,3.7183865971091867,0.9071999212347178,2.1387870295124896,0.032452920397436275,6.960890591516598,1.1761286647749303,41.1978716940265
,1,"Region-stratified Cox model, with no further adjustment","Region-stratified Cox model,
with no further adjustment","ns(tstop, df = 5)5:regionNorth East and Yorkshire",-0.05189624553883234,-1.0835082230304198,0.9797157319527552,0.5263423132408613,-0.09859789766718588,0.9214575393070439,0.9494273690578735,0.3384062361669898,2.663698929801474
,1,"Region-stratified Cox model, with no further adjustment","Region-stratified Cox model,
with no further adjustment","ns(tstop, df = 5)1:regionEast of England",1.0270709731309198,0.2803013154201194,1.77384063084172,0.3810119285870681,2.6956399421395423,0.0070253560564610545,2.79287344133434,1.3235285518228748,5.893444496205016
,1,"Region-stratified Cox model, with no further adjustment","Region-stratified Cox model,
with no further adjustment","ns(tstop, df = 5)2:regionEast of England",0.25529837314234954,-0.5874631285187206,1.0980598748034196,0.4299882591255072,0.5937333583516097,0.5526904678849638,1.2908467174101663,0.5557353270705216,2.9983432160632706
,1,"Region-stratified Cox model, with no further adjustment","Region-stratified Cox model,
with no further adjustment","ns(tstop, df = 5)3:regionEast of England",-0.2294620770194832,-0.9762936235894278,0.5173694695504615,0.38104350511583723,-0.6021939068341468,0.54704507111405265,0.7949611153610999,0.37670472410932043,1.6776088392052313
,1,"Region-stratified Cox model, with no further adjustment","Region-stratified Cox model,
with no further adjustment","ns(tstop, df = 5)4:regionEast of England",0.3017637242589133,-1.3703726573556316,1.9739001058734582,0.8531464837130396,0.35370681356569145,0.723558615808582,1.3522416870544973,0.2540122823673762,7.1986974927588845
,1,"Region-stratified Cox model, with no further adjustment","Region-stratified Cox model,
with no further adjustment","ns(tstop, df = 5)5:regionEast of England",-0.9813267489771205,-2.108773744023651,0.1461202460694102,0.5752386288420037,-1.705947236110692,0.08801790392929376,0.3748134854119516,0.12138672640454194,1.1573353447102988
,1,"Region-stratified Cox model, with no further adjustment","Region-stratified Cox model,
with no further adjustment","ns(tstop, df = 5)1:regionSouth East",0.7566359987195826,-0.31382746436331,1.8270994618024754,0.5461648640110595,1.3853619091547078,0.16594183211647653,2.1310951419040296,0.7306450795989325,6.215831230041164
,1,"Region-stratified Cox model, with no further adjustment","Region-stratified Cox model,
with no further adjustment","ns(tstop, df = 5)2:regionSouth East",-0.6300722239437213,-1.84226486998266,0.5821204220952174,0.6184770003941705,-1.0187480270764488,0.3083226054411037,0.5325533365156802,0.1584581323162557,1.7898296041249526
,1,"Region-stratified Cox model, with no further adjustment","Region-stratified Cox model,
with no further adjustment","ns(tstop, df = 5)3:regionSouth East",-0.21760156333001937,-1.2926878990749242,0.8574847724148854,0.5485235158528672,-0.39670416498312455,0.691585628469704,0.8044458985664346,0.2745318765045662,2.35722427559189
,1,"Region-stratified Cox model, with no further adjustment","Region-stratified Cox model,
with no further adjustment","ns(tstop, df = 5)4:regionSouth East",-1.6230023090591936,-4.017515045996144,0.7715104278777571,1.2217126211627165,-1.3284648786836348,0.184024578690135,0.1973054370501737,0.0179976327072993,2.163030889822052
,1,"Region-stratified Cox model, with no further adjustment","Region-stratified Cox model,
with no further adjustment","ns(tstop, df = 5)5:regionSouth East",-0.542522551301223,-2.011889157283509,0.9268440546810631,0.7496906155278683,-0.7236619214170431,0.46927331602110267,0.5812800925444466,0.13373578793476537,2.5265230138195856
,1,"Region-stratified Cox model, with no further adjustment","Region-stratified Cox model,
with no further adjustment","ns(tstop, df = 5)1:regionSouth West",0.8735357611392711,-0.29439290113895433,2.0414644234174966,0.5958929202223602,1.4659274032208793,0.14266806553551248,2.395365337873795,0.7449837289780838,7.7018797575054645
,1,"Region-stratified Cox model, with no further adjustment","Region-stratified Cox model,
with no further adjustment","ns(tstop, df = 5)2:regionSouth West",1.4216060198034786,0.08566984486804463,2.7575421947389125,0.6816126140445071,2.0856509849018905,0.037010249387281244,4.1437700759017995,1.089446582542224,15.761057693963355
,1,"Region-stratified Cox model, with no further adjustment","Region-stratified Cox model,
with no further adjustment","ns(tstop, df = 5)3:regionSouth West",0.2680819327012122,-0.913919382798186,1.4500832482006105,0.6030729772704366,0.44452652134170484,0.6566619585528402,1.3074542588857487,0.4009496651791895,4.263469426553864
,1,"Region-stratified Cox model, with no further adjustment","Region-stratified Cox model,
with no further adjustment","ns(tstop, df = 5)4:regionSouth West",1.2043363302482588,-1.4461352169917323,3.85480787748825,1.3523062505977523,0.8905795781953332,0.3731547590461086,3.334545306686261,0.2354786054516188,47.219544132334825
,1,"Region-stratified Cox model, with no further adjustment","Region-stratified Cox model,
with no further adjustment","ns(tstop, df = 5)5:regionSouth West",-0.24047296427725467,-1.7210417109904272,1.2400957824359178,0.7554060984751303,-0.3183360112695352,0.7502300709128809,0.7862559021573478,0.1788797098613429,3.4559444676898012
,1,"Region-stratified Cox model, with no further adjustment","Region-stratified Cox model,
with no further adjustment","ns(tstop, df = 5)1:regionNorth West",0.4572281156601681,-0.6675280128718002,1.5819842441921363,0.573865712535486,0.7967510615680747,0.4255956223026169,1.5796891949951934,0.512975079547309,4.864598792960317
,1,"Region-stratified Cox model, with no further adjustment","Region-stratified Cox model,
with no further adjustment","ns(tstop, df = 5)2:regionNorth West",0.502409027700663,-0.8419145539058694,1.8467326093071954,0.6858919817968012,0.7324900145129617,0.46386953526971725,1.652697873862347,0.4308847810765977,6.339073418755915
,1,"Region-stratified Cox model, with no further adjustment","Region-stratified Cox model,
with no further adjustment","ns(tstop, df = 5)3:regionNorth West",-0.41881806510692504,-1.5939918442691046,0.7563557140552544,0.5995894763535455,-0.698508031952133,0.48485953659966224,0.6578238654960229,0.20311319504894243,2.130497912318586
,1,"Region-stratified Cox model, with no further adjustment","Region-stratified Cox model,
with no further adjustment","ns(tstop, df = 5)4:regionNorth West",0.9305152578908794,-1.7360125661019303,3.5970430818836894,1.360498379065147,0.6839517578332388,0.4940056293372437,2.535815439973222,0.17622167382333215,36.490176299501194
,1,"Region-stratified Cox model, with no further adjustment","Region-stratified Cox model,
with no further adjustment","ns(tstop, df = 5)5:regionNorth West",-0.5774519149216519,-2.3721991708546835,1.2172953410113794,0.9157042017556287,-0.6306096595544014,0.5282957813581735,0.5613268544200326,0.09327537207660426,3.3780389236541053
,1,"Region-stratified Cox model, with no further adjustment","Region-stratified Cox model,
with no further adjustment","ns(tstop, df = 5)1:regionLondon",2.063908965583995,0.7029949857792888,3.4248229453887014,0.694356626213248,2.9724047955583788,0.0029547683194331756,7.876699457717989,2.019792908835932,30.717205747084133
,1,"Region-stratified Cox model, with no further adjustment","Region-stratified Cox model,
with no further adjustment","ns(tstop, df = 5)2:regionLondon",-0.053449664740581715,-1.685359270885227,1.5784599414040634,0.8326222415396102,-0.06419437540095903,0.9488154559391362,0.9479536552960933,0.18537781913748128,4.847484649297692
,1,"Region-stratified Cox model, with no further adjustment","Region-stratified Cox model,
with no further adjustment","ns(tstop, df = 5)3:regionLondon",-0.5854041120051393,-2.1466580580168677,0.9758498340065892,0.7965727729319012,-0.7349034914292575,0.46239827187434884,0.5568807741286629,0.11687409227705638,2.6534212206670373
,1,"Region-stratified Cox model, with no further adjustment","Region-stratified Cox model,
with no further adjustment","ns(tstop, df = 5)4:regionLondon",-1.4902604066379053,-4.88305733479377,1.902536521517959,1.7310506493577507,-0.8608993660531061,0.3892934708560665,0.22531397464471278,0.007573822881875169,6.702874883922457
,1,"Region-stratified Cox model, with no further adjustment","Region-stratified Cox model,
with no further adjustment","ns(tstop, df = 5)5:regionLondon",-3.7475354635959826,-6.575546741255597,-0.9195241859363685,1.4428894101966194,-2.59724372298589,0.009397521741680211,0.023575777678207392,0.0013940435288707618,0.3987087071682038
,2,"Region-stratified Cox model, with adjustment for baseline confounders","Region-stratified Cox model,
with adjustment for baseline
confounders",(Intercept),-27.10366561907904,-39.73941498583776,-14.46791625232032,6.446929365247476,-4.204120145193901,2.6209969750968115e-5,1.6944454121966825e-12,5.513042717356642e-18,5.207914036064332e-7
,2,"Region-stratified Cox model, with adjustment for baseline confounders","Region-stratified Cox model,
with adjustment for baseline
confounders",timesincevax_pw1-3,-5.311204572032212,-6.697556992626334,-3.9248521514380905,0.7073356610271886,-7.508747069699996,5.969593528720263e-14,0.004935977394883757,0.0012339227057376453,0.019745055933822513
,2,"Region-stratified Cox model, with adjustment for baseline confounders","Region-stratified Cox model,
with adjustment for baseline
confounders",timesincevax_pw4-7,-4.918448482539444,-5.797065360170389,-4.039831604908498,0.44828215444843084,-10.971769528927899,5.223988430954119e-28,0.0073104643655468714,0.003036452577698728,0.017600435993119976
,2,"Region-stratified Cox model, with adjustment for baseline confounders","Region-stratified Cox model,
with adjustment for baseline
confounders",timesincevax_pw8-14,-4.992452989173976,-5.587307831272378,-4.397598147075573,0.3035029453553949,-16.449438351670455,8.46495561948524e-61,0.006788990729549783,0.0037450967373728514,0.012306863709545953
,2,"Region-stratified Cox model, with adjustment for baseline confounders","Region-stratified Cox model,
with adjustment for baseline
confounders",timesincevax_pw15-21,-4.564781115539187,-4.990234620931105,-4.139327610147269,0.2170721037467222,-21.028870300466306,3.5705145828530516e-98,0.010412158016945344,0.006804067928191585,0.015933561468521918
,2,"Region-stratified Cox model, with adjustment for baseline confounders","Region-stratified Cox model,
with adjustment for baseline
confounders",timesincevax_pw22-28,-5.01395452988248,-5.52732811204449,-4.50058094772047,0.2619301100486721,-19.14233735461258,1.1212546883891178e-81,0.006644575111913877,0.003976599936755372,0.011102544666308308
,2,"Region-stratified Cox model, with adjustment for baseline confounders","Region-stratified Cox model,
with adjustment for baseline
confounders",timesincevax_pw29-35,-5.7709908329930375,-6.518100902842851,-5.023880763143224,0.38118561144129287,-15.139582029795054,8.87761151700275e-52,0.0031166678863950178,0.001476470402285299,0.006578945774362378
,2,"Region-stratified Cox model, with adjustment for baseline confounders","Region-stratified Cox model,
with adjustment for baseline
confounders",timesincevax_pw36+,-5.740438529796497,-6.148577408353534,-5.33229965123946,0.20823794813393748,-27.566726339928582,2.789319139300774e-167,0.0032133588126975797,0.002136519003240723,0.004832943139508223
,2,"Region-stratified Cox model, with adjustment for baseline confounders","Region-stratified Cox model,
with adjustment for baseline
confounders","poly(age, degree = 2, raw = TRUE)1",0.2729108097417903,-0.015933362351053804,0.5617549818346343,0.14737218355602966,1.8518475003665253,0.06404772451638548,1.3137830629484601,0.9841929021712521,1.7537475963120739
,2,"Region-stratified Cox model, with adjustment for baseline confounders","Region-stratified Cox model,
with adjustment for baseline
confounders","poly(age, degree = 2, raw = TRUE)2",-0.0012282295028000966,-0.002878413636548195,4.2195463094800195e-4,8.419461514418331e-4,-1.4587981674323864,0.144620667153814,0.9987725244623433,0.9971257250241052,1.0004220436663258
,2,"Region-stratified Cox model, with adjustment for baseline confounders","Region-stratified Cox model,
with adjustment for baseline
confounders",sexMale,0.681808675078044,0.6011337611148677,0.7624835890412203,0.04116142674025121,16.56426244358805,1.2631955196438565e-61,1.9774510662177809,1.8241858193645146,2.1435934200212454
,2,"Region-stratified Cox model, with adjustment for baseline confounders","Region-stratified Cox model,
with adjustment for baseline
confounders",imd2,0.2323882667377486,0.10571296514167483,0.35906356833382236,0.06463144353430594,3.5955914649252487,3.2365538499362363e-4,1.2616094747412234,1.1115027906682948,1.431987827758701
,2,"Region-stratified Cox model, with adjustment for baseline confounders","Region-stratified Cox model,
with adjustment for baseline
confounders",imd3,0.2850473999456363,0.1584007135656247,0.41169408632564797,0.06461684366599824,4.411348245653013,1.0272894101745211e-5,1.3298250602631643,1.1716355909299259,1.5093726279690118
,2,"Region-stratified Cox model, with adjustment for baseline confounders","Region-stratified Cox model,
with adjustment for baseline
confounders",imd4,0.2835842368057876,0.15225529872370241,0.41491317488787277,0.06700579149310452,4.23223471414364,2.3138075445359085e-5,1.327880732034114,1.1644574829963783,1.5142392609906379
,2,"Region-stratified Cox model, with adjustment for baseline confounders","Region-stratified Cox model,
with adjustment for baseline
confounders",imd5 least deprived,0.18819643622913299,0.04770111689987444,0.32869175555839153,0.07168260255671417,2.6254129944603344,0.008654392388260275,1.2070706044602348,1.0488571228035664,1.3891495919457781
,2,"Region-stratified Cox model, with adjustment for baseline confounders","Region-stratified Cox model,
with adjustment for baseline
confounders",ethnicity_combinedBlack,0.3204143241718383,-0.00791797693445051,0.6487466252781271,0.16751955836746604,1.9126979995314144,0.0557867254478399,1.3776984598747453,0.9921132876730177,1.9131414425393816
,2,"Region-stratified Cox model, with adjustment for baseline confounders","Region-stratified Cox model,
with adjustment for baseline
confounders",ethnicity_combinedSouth Asian,0.002261295550624773,-0.20110816168412587,0.2056307527853754,0.10376183380863273,0.02179313402262402,0.9826129711439822,1.0022638542076716,0.8178239695519809,1.228299574053226
,2,"Region-stratified Cox model, with adjustment for baseline confounders","Region-stratified Cox model,
with adjustment for baseline
confounders",ethnicity_combinedMixed,0.36264878938031464,-0.16786786615993055,0.8931654449205598,0.27067673677929444,1.3397855822239086,0.18031506433064182,1.4371310349152249,0.845465541913043,2.442850133008647
,2,"Region-stratified Cox model, with adjustment for baseline confounders","Region-stratified Cox model,
with adjustment for baseline
confounders",ethnicity_combinedOther,0.4695880505847607,0.054166395904194864,0.8850097052653265,0.2119537185159314,2.215521642520579,0.026724280518244006,1.5993352122878015,1.055660245082546,2.4230079073060646
,2,"Region-stratified Cox model, with adjustment for baseline confounders","Region-stratified Cox model,
with adjustment for baseline
confounders",bmiObese I (30-34.9),-0.05964833559290065,-0.19424415742489456,0.07494748623909328,0.06867259954451645,-0.8685900342862964,0.3850714072965587,0.9420957768904056,0.8234568266239755,1.0778275486202586
,2,"Region-stratified Cox model, with adjustment for baseline confounders","Region-stratified Cox model,
with adjustment for baseline
confounders",bmiObese II (35-39.9),0.08968500388587977,-0.1432758346572356,0.32264584242899513,0.11885975476114909,0.7545447495336287,0.45052218538629385,1.093829677335356,0.866515021054343,1.3807762519382034
,2,"Region-stratified Cox model, with adjustment for baseline confounders","Region-stratified Cox model,
with adjustment for baseline
confounders",bmiObese III (40+),0.07198091107445265,-0.2797666897313363,0.4237285118802416,0.1794663593720748,0.40108302930032563,0.6883589949908764,1.0746348302437558,0.7559600941351418,1.5276467995234904
,2,"Region-stratified Cox model, with adjustment for baseline confounders","Region-stratified Cox model,
with adjustment for baseline
confounders",heart_failure,0.25832896994907445,0.12650707348580836,0.39015086641234054,0.06725730549288682,3.840905728469832,1.2258118680362516e-4,1.2947646872446341,1.1348574785459495,1.4772036374854962
,2,"Region-stratified Cox model, with adjustment for baseline confounders","Region-stratified Cox model,
with adjustment for baseline
confounders",other_heart_disease,0.021410116828773088,-0.13063843995567762,0.17345867361322378,0.07757721977739916,0.2759845852971721,0.7825599057705357,1.021640957881198,0.8775349986327824,1.1894115316729201
,2,"Region-stratified Cox model, with adjustment for baseline confounders","Region-stratified Cox model,
with adjustment for baseline
confounders",dialysis,1.0587181580282061,0.5544033535055645,1.5630329625508477,0.25730819979377817,4.1145916021204325,3.878655115697931e-5,2.882673488100126,1.7409019717845482,4.773276481775253
,2,"Region-stratified Cox model, with adjustment for baseline confounders","Region-stratified Cox model,
with adjustment for baseline
confounders",diabetes,-0.08437968168567166,-0.2538063757859522,0.0850470124146089,0.08644377929222004,-0.9761220804614433,0.3290039705012038,0.9190822311493341,0.7758420093034023,1.0887682511196723
,2,"Region-stratified Cox model, with adjustment for baseline confounders","Region-stratified Cox model,
with adjustment for baseline
confounders",chronic_liver_disease,0.5585943920719747,0.16745168519180043,0.949737098952149,0.1995662726282004,2.799042066154422,0.005125445972513379,1.748213469771575,1.182288166778965,2.58502996288734
,2,"Region-stratified Cox model, with adjustment for baseline confounders","Region-stratified Cox model,
with adjustment for baseline
confounders",current_copd,0.024601622145807675,-0.14558033514633256,0.19478357943794794,0.08682912473622673,0.283333757198907,0.7769210025207283,1.0249067390373146,0.8645204359084594,1.2150479966621963
,2,"Region-stratified Cox model, with adjustment for baseline confounders","Region-stratified Cox model,
with adjustment for baseline
confounders",other_resp_conditions,0.07770728829227773,-0.08643262643043138,0.24184720301498686,0.08374639330999134,0.9278881778781854,0.3534655774456674,1.0808062477212603,0.9171973415619822,1.2735995757728327
,2,"Region-stratified Cox model, with adjustment for baseline confounders","Region-stratified Cox model,
with adjustment for baseline
confounders",lung_cancer,0.5418024653384738,0.1467311551591728,0.9368737755177747,0.20157069889833343,2.687902896103682,0.007190230260542532,1.7191026943014058,1.158042587400784,2.551990838426355
,2,"Region-stratified Cox model, with adjustment for baseline confounders","Region-stratified Cox model,
with adjustment for baseline
confounders",haematological_cancer,0.27790498371721106,-0.017211045199547914,0.5730210126339701,0.15057216930749578,1.845659692593513,0.06494163328484644,1.3203607354797104,0.9829362187729087,1.773617085728016
,2,"Region-stratified Cox model, with adjustment for baseline confounders","Region-stratified Cox model,
with adjustment for baseline
confounders",cancer_excl_lung_and_haem,-0.006529309293677781,-0.18065041259365724,0.16759179400630167,0.08883893003821731,-0.07349603705119996,0.9414113975231526,0.9934919603290897,0.8347271177832767,1.1824538273773955
,2,"Region-stratified Cox model, with adjustment for baseline confounders","Region-stratified Cox model,
with adjustment for baseline
confounders",any_immunosuppression,0.014703931233704169,-0.1922423047560063,0.22165016722341463,0.10558675446185543,0.1392592405046047,0.8892452973405444,1.014812565829375,0.8251069169378668,1.2481346630654293
,2,"Region-stratified Cox model, with adjustment for baseline confounders","Region-stratified Cox model,
with adjustment for baseline
confounders",dementia,0.37639466598407384,0.1894373941592492,0.5633519378088985,0.095388115954946,3.9459282974186602,7.949140113316407e-5,1.457022057356316,1.208569458113864,1.7565504914677599
,2,"Region-stratified Cox model, with adjustment for baseline confounders","Region-stratified Cox model,
with adjustment for baseline
confounders",other_neuro_conditions,0.021612000831225275,-0.23713788860661472,0.2803618902690653,0.1320176755689524,0.1637053579233593,0.8699630994434137,1.0218472316678324,0.7888825026085804,1.323608726793246
,2,"Region-stratified Cox model, with adjustment for baseline confounders","Region-stratified Cox model,
with adjustment for baseline
confounders",LD_incl_DS_and_CP,-0.44001402785172183,-1.9846496730384864,1.1046216173350425,0.7880938922197824,-0.5583269102776035,0.5766211723525071,0.6440273866990895,0.13742875068134458,3.018082262715077
,2,"Region-stratified Cox model, with adjustment for baseline confounders","Region-stratified Cox model,
with adjustment for baseline
confounders",psychosis_schiz_bipolar,0.0017587273840513934,-0.46157370982564194,0.4650911645937448,0.23639844449408287,0.0074396740969055524,0.9940640536585936,1.0017602748521157,0.6302909695280642,1.5921593308296695
,2,"Region-stratified Cox model, with adjustment for baseline confounders","Region-stratified Cox model,
with adjustment for baseline
confounders",multimorb1,0.19939120711089933,0.02466307773325696,0.3741193364885417,0.08914864291174512,2.2366151698830854,0.025311502584130917,1.2206594031438571,1.024969727218511,1.4537106208268193
,2,"Region-stratified Cox model, with adjustment for baseline confounders","Region-stratified Cox model,
with adjustment for baseline
confounders",multimorb2,0.26536214968653987,-0.03728956760559882,0.5680138669786785,0.15441697892380518,1.7184777965218383,0.08570950096567073,1.3039030983820397,0.9633971263559004,1.7647585232075989
,2,"Region-stratified Cox model, with adjustment for baseline confounders","Region-stratified Cox model,
with adjustment for baseline
confounders",multimorb3,0.3310552751054411,-0.1345699948583134,0.7966805450691956,0.23756827861968247,1.3935163273015072,0.16346371119967956,1.3924367572696297,0.8740916948109809,2.218165593501992
,2,"Region-stratified Cox model, with adjustment for baseline confounders","Region-stratified Cox model,
with adjustment for baseline
confounders",multimorb4+,0.45577301538258336,-0.17005604183775175,1.0816020726029185,0.3193064067282843,1.4273844989600417,0.15346909638962125,1.5773922603494568,0.8436175373944342,2.949400922478718
,2,"Region-stratified Cox model, with adjustment for baseline confounders","Region-stratified Cox model,
with adjustment for baseline
confounders",shielded,0.33269619155654584,0.22295261374172237,0.4424397693713693,0.055992650212180854,5.941783257192028,2.8193804161240186e-9,1.3947235053198945,1.2497613508186636,1.556500091011427
,2,"Region-stratified Cox model, with adjustment for baseline confounders","Region-stratified Cox model,
with adjustment for baseline
confounders",flu_vaccine,0.3719741568348082,0.2372633734609516,0.5066849402086648,0.0687312544702036,5.412008840840619,6.23216113817175e-8,1.450595492829803,1.267774972091278,1.659779795421484
,2,"Region-stratified Cox model, with adjustment for baseline confounders","Region-stratified Cox model,
with adjustment for baseline
confounders",efi_catMild,0.40598104048787065,0.1865255252690586,0.6254365557066827,0.11196915706097112,3.625829211760519,2.8803568316802125e-4,1.5007740982435627,1.2050553810559612,1.8690617289183191
,2,"Region-stratified Cox model, with adjustment for baseline confounders","Region-stratified Cox model,
with adjustment for baseline
confounders",efi_catModerate,0.7433415548293798,0.5199427928602935,0.9667403167984661,0.11398105461693546,6.521623767454886,6.955029586502792e-11,2.102950912575741,1.681931428460437,2.629359595682927
,2,"Region-stratified Cox model, with adjustment for baseline confounders","Region-stratified Cox model,
with adjustment for baseline
confounders",efi_catSevere,1.1519747988503324,0.9185132145792947,1.38543638312137,0.11911524197003256,9.671094813711164,4.0007495762586886e-22,3.16443586768121,2.5055623856261917,3.9965695598374467
,2,"Region-stratified Cox model, with adjustment for baseline confounders","Region-stratified Cox model,
with adjustment for baseline
confounders","ns(tstop, df = 5)1",2.9408501646467244,2.4097584663754232,3.4719418629180256,0.2709701313189859,10.85304181066642,1.928969210323193e-27,18.931934733987248,11.131272243817145,32.199208223573535
,2,"Region-stratified Cox model, with adjustment for baseline confounders","Region-stratified Cox model,
with adjustment for baseline
confounders","ns(tstop, df = 5)2",5.096684925177182,4.491404571702626,5.701965278651738,0.30882218155482993,16.50362321617202,3.455238088904915e-61,163.47906268701814,89.24671129116993,299.45533622895766
,2,"Region-stratified Cox model, with adjustment for baseline confounders","Region-stratified Cox model,
with adjustment for baseline
confounders","ns(tstop, df = 5)3",3.816516131370463,3.285802968008778,4.3472292947321485,0.27077699771418406,14.094683682839811,4.094784921513361e-45,45.44560568589492,26.730439387554295,77.26409005904524
,2,"Region-stratified Cox model, with adjustment for baseline confounders","Region-stratified Cox model,
with adjustment for baseline
confounders","ns(tstop, df = 5)4",3.8853795774263964,2.7139932949755927,5.0567658598772,0.5976570445633438,6.501018623925209,7.977795340278562e-11,48.68541883864616,15.08941183639789,157.0816697955689
,2,"Region-stratified Cox model, with adjustment for baseline confounders","Region-stratified Cox model,
with adjustment for baseline
confounders","ns(tstop, df = 5)5",1.8762764372025562,1.192388940860307,2.560163933544805,0.34892860365632566,5.377250295738377,7.563199860721005e-8,6.529147850866368,3.2949432372136616,12.937938103759981
,2,"Region-stratified Cox model, with adjustment for baseline confounders","Region-stratified Cox model,
with adjustment for baseline
confounders",regionNorth East and Yorkshire,-2.645717520368981,-3.452778619698484,-1.8386564210394782,0.4117734334383173,-6.425177793227652,1.3171547726391697e-10,0.07095442422568893,0.031657549763762165,0.159030953272384
,2,"Region-stratified Cox model, with adjustment for baseline confounders","Region-stratified Cox model,
with adjustment for baseline
confounders",regionEast of England,-1.5072939318257639,-2.248330514401319,-0.7662573492502086,0.37808683650350594,-3.9866342498591245,6.701721426095318e-5,0.22150858499053305,0.10557533401457596,0.4647492113805109
,2,"Region-stratified Cox model, with adjustment for baseline confounders","Region-stratified Cox model,
with adjustment for baseline
confounders",regionSouth East,-0.05093113173350127,-1.101634694604469,0.9997724311374665,0.5360830970154471,-0.0950060392074509,0.9243100300275621,0.950344116830718,0.3323273856447853,2.717663302536587
,2,"Region-stratified Cox model, with adjustment for baseline confounders","Region-stratified Cox model,
with adjustment for baseline
confounders",regionSouth West,0.7722247816426796,-0.3657335928842441,1.9101831561696034,0.5806016761037419,1.3300422878984222,0.18350433869967486,2.1645766111120195,0.6936875799028812,6.754325781685708
,2,"Region-stratified Cox model, with adjustment for baseline confounders","Region-stratified Cox model,
with adjustment for baseline
confounders",regionNorth West,-0.5324631185114943,-1.6676338465937042,0.6027076095707156,0.5791793813745008,-0.919340597463708,0.35791744944589904,0.5871569499357883,0.1886930144579314,1.8270590718383988
,2,"Region-stratified Cox model, with adjustment for baseline confounders","Region-stratified Cox model,
with adjustment for baseline
confounders",regionLondon,-0.7264870071798679,-2.1678480033813,0.7148739890215643,0.7354017765482959,-0.9878776885605708,0.32321255365677326,0.48360491004553097,0.11442359132949101,2.0439291085235203
,2,"Region-stratified Cox model, with adjustment for baseline confounders","Region-stratified Cox model,
with adjustment for baseline
confounders","ns(tstop, df = 5)1:regionNorth East and Yorkshire",0.6313218842573484,-0.19644177867165324,1.45908554718635,0.42233615997962004,1.4948326572079762,0.13495812106158048,1.8800942043012696,0.8216491674086607,4.302023731363627
,2,"Region-stratified Cox model, with adjustment for baseline confounders","Region-stratified Cox model,
with adjustment for baseline
confounders","ns(tstop, df = 5)2:regionNorth East and Yorkshire",0.5400955618038408,-0.38985694212428135,1.4700480657319628,0.47447428180490514,1.1383031336267828,0.2549939259584622,1.716170854731599,0.6771537397448741,4.349444195257406
,2,"Region-stratified Cox model, with adjustment for baseline confounders","Region-stratified Cox model,
with adjustment for baseline
confounders","ns(tstop, df = 5)3:regionNorth East and Yorkshire",-0.22705053730458358,-1.0448899670106067,0.5907888924014394,0.4172726826395976,-0.5441298861653239,0.5863520958161867,0.7968805090794944,0.35173051920938825,1.8054121296558914
,2,"Region-stratified Cox model, with adjustment for baseline confounders","Region-stratified Cox model,
with adjustment for baseline
confounders","ns(tstop, df = 5)4:regionNorth East and Yorkshire",2.0385713498062827,0.2479230663859351,3.8292196332266304,0.9136128508200932,2.2313295483709368,0.0256593077771046,7.679629853246789,1.2813613486424011,46.02660658163676
,2,"Region-stratified Cox model, with adjustment for baseline confounders","Region-stratified Cox model,
with adjustment for baseline
confounders","ns(tstop, df = 5)5:regionNorth East and Yorkshire",-0.025152735365735163,-1.0850135403406893,1.0347080696092188,0.5407552451652179,-0.046514084866713046,0.9629005081370962,0.9751609590876944,0.33789721062038797,2.814284540505332
,2,"Region-stratified Cox model, with adjustment for baseline confounders","Region-stratified Cox model,
with adjustment for baseline
confounders","ns(tstop, df = 5)1:regionEast of England",1.0119445244207508,0.26539109119791127,1.7584979576435904,0.38090160794359385,2.656708460444739,0.007890764900835597,2.7509450974057015,1.303940835854476,5.803713420771374
,2,"Region-stratified Cox model, with adjustment for baseline confounders","Region-stratified Cox model,
with adjustment for baseline
confounders","ns(tstop, df = 5)2:regionEast of England",0.17278199537301756,-0.6747149695930293,1.0202789603390645,0.4324043562284792,0.3995843077994359,0.6894627162768261,1.188606955021244,0.5093015663538195,2.7739684832294222
,2,"Region-stratified Cox model, with adjustment for baseline confounders","Region-stratified Cox model,
with adjustment for baseline
confounders","ns(tstop, df = 5)3:regionEast of England",0.030335795806778226,-0.7356946556583617,0.7963662472719182,0.3908390447515825,0.07761710661753274,0.9381326343198038,1.0308006143680182,0.4791724834596544,2.2174685384891233
,2,"Region-stratified Cox model, with adjustment for baseline confounders","Region-stratified Cox model,
with adjustment for baseline
confounders","ns(tstop, df = 5)4:regionEast of England",0.2890519419654138,-1.394033079387412,1.9721369633182397,0.8587326270425305,0.3366029575013433,0.7364162264226184,1.3351610776179443,0.24807278712987033,7.186016345487585
,2,"Region-stratified Cox model, with adjustment for baseline confounders","Region-stratified Cox model,
with adjustment for baseline
confounders","ns(tstop, df = 5)5:regionEast of England",-1.0051976891414467,-2.1737076343103134,0.16331225602742006,0.5961894985754455,-1.6860372273300666,0.09178862923905384,0.365972278906653,0.11375507186620529,1.1774042838780807
,2,"Region-stratified Cox model, with adjustment for baseline confounders","Region-stratified Cox model,
with adjustment for baseline
confounders","ns(tstop, df = 5)1:regionSouth East",0.7358677674060643,-0.3369478433159956,1.8086833781281242,0.5473649613892362,1.3443823030586388,0.17882479347543614,2.0872924912363398,0.7139460759915379,6.102407577380179
,2,"Region-stratified Cox model, with adjustment for baseline confounders","Region-stratified Cox model,
with adjustment for baseline
confounders","ns(tstop, df = 5)2:regionSouth East",-0.5671907834590901,-1.794452509879542,0.6600709429613618,0.6261654479882979,-0.9058161629347682,0.3650331645823375,0.5671163556851399,0.16621843038824669,1.9349295991687812
,2,"Region-stratified Cox model, with adjustment for baseline confounders","Region-stratified Cox model,
with adjustment for baseline
confounders","ns(tstop, df = 5)3:regionSouth East",-0.05621592368727768,-1.1633815142114994,1.050949666836944,0.5648907833293891,-0.09951644697750014,0.920728229921058,0.9453349936340769,0.3124279131888739,2.860366223580323
,2,"Region-stratified Cox model, with adjustment for baseline confounders","Region-stratified Cox model,
with adjustment for baseline
confounders","ns(tstop, df = 5)4:regionSouth East",-1.5877828595613739,-4.005606285134883,0.8300405660121348,1.2336060481952689,-1.2871069024704085,0.19805702993079846,0.20437824504485147,0.018213243491786442,2.293411772946999
,2,"Region-stratified Cox model, with adjustment for baseline confounders","Region-stratified Cox model,
with adjustment for baseline
confounders","ns(tstop, df = 5)5:regionSouth East",-0.5459865861199203,-2.0731468802102806,0.9811737079704398,0.779177732925914,-0.7007214952994993,0.48347683875756653,0.5792700015870027,0.12578931431065096,2.66758537144036
,2,"Region-stratified Cox model, with adjustment for baseline confounders","Region-stratified Cox model,
with adjustment for baseline
confounders","ns(tstop, df = 5)1:regionSouth West",0.9412288107265292,-0.1878016081877505,2.0702592296408087,0.576046513007345,1.6339458524150945,0.10227022070955394,2.5631290845027337,0.8287791139140356,7.926877733196894
,2,"Region-stratified Cox model, with adjustment for baseline confounders","Region-stratified Cox model,
with adjustment for baseline
confounders","ns(tstop, df = 5)2:regionSouth West",1.0373648823495523,-0.26565609128388346,2.340385855982988,0.6648188354028438,1.5603722805491302,0.11867193140746751,2.8217715088599324,0.7667027579271418,10.385242997874165
,2,"Region-stratified Cox model, with adjustment for baseline confounders","Region-stratified Cox model,
with adjustment for baseline
confounders","ns(tstop, df = 5)3:regionSouth West",0.5012646080355927,-0.7000426096361703,1.7025718257073557,0.612923108356848,0.817826251288527,0.41345640610113576,1.6508075757685445,0.4965641449230765,5.488043549010125
,2,"Region-stratified Cox model, with adjustment for baseline confounders","Region-stratified Cox model,
with adjustment for baseline
confounders","ns(tstop, df = 5)4:regionSouth West",0.9794286307124844,-1.5909876233382922,3.549844884763261,1.3114609627145666,0.746822557863396,0.45517067711584225,2.6629342883050335,0.20372430946256248,34.80791783041364
,2,"Region-stratified Cox model, with adjustment for baseline confounders","Region-stratified Cox model,
with adjustment for baseline
confounders","ns(tstop, df = 5)5:regionSouth West",-0.06856282868387545,-1.6250742747007831,1.487948617333032,0.7941530856150785,-0.0863345240682065,0.9312004946844499,0.9337347929324229,0.1968970501915785,4.428002667811652
,2,"Region-stratified Cox model, with adjustment for baseline confounders","Region-stratified Cox model,
with adjustment for baseline
confounders","ns(tstop, df = 5)1:regionNorth West",0.4727007133045058,-0.6384566014381017,1.5838580280471133,0.5669274147419416,0.8337940643065803,0.40439704073321014,1.6043211591393105,0.5281068747613763,4.873722544939576
,2,"Region-stratified Cox model, with adjustment for baseline confounders","Region-stratified Cox model,
with adjustment for baseline
confounders","ns(tstop, df = 5)2:regionNorth West",0.5187304043274236,-0.8197599473883982,1.8572207560432452,0.6829157894092255,0.7595817996478967,0.4475046016881714,1.679893509707787,0.4405373939659045,6.4059084259638555
,2,"Region-stratified Cox model, with adjustment for baseline confounders","Region-stratified Cox model,
with adjustment for baseline
confounders","ns(tstop, df = 5)3:regionNorth West",-0.4876841172579581,-1.749614083662859,0.7742458491469429,0.6438536505562572,-0.7574456040384698,0.4487829431988635,0.6140468092004941,0.17384101859605683,2.1689557903790413
,2,"Region-stratified Cox model, with adjustment for baseline confounders","Region-stratified Cox model,
with adjustment for baseline
confounders","ns(tstop, df = 5)4:regionNorth West",0.7254436912106329,-1.9351427752949588,3.386030157716225,1.3574670185227684,0.5344098098236523,0.5930580334206681,2.065647406271357,0.14440365007792025,29.548416572109947
,2,"Region-stratified Cox model, with adjustment for baseline confounders","Region-stratified Cox model,
with adjustment for baseline
confounders","ns(tstop, df = 5)5:regionNorth West",-0.4848465629600816,-2.35973041788476,1.3900372919645967,0.9565909729533417,-0.5068483569975423,0.6122612234753864,0.6157916747676699,0.0944456806310734,4.0149997774319814
,2,"Region-stratified Cox model, with adjustment for baseline confounders","Region-stratified Cox model,
with adjustment for baseline
confounders","ns(tstop, df = 5)1:regionLondon",2.0834204645483534,0.6981611380974377,3.468679790999269,0.7067779496856396,2.947772303132853,0.0032007272180958673,8.031894794332022,2.010053096914473,32.094343222199356
,2,"Region-stratified Cox model, with adjustment for baseline confounders","Region-stratified Cox model,
with adjustment for baseline
confounders","ns(tstop, df = 5)2:regionLondon",0.13413435965331785,-1.5404068606261971,1.8086755799328327,0.8543734647616399,0.1569973380326597,0.8752469460288528,1.1435464558285215,0.2142938959392492,6.10235998979969
,2,"Region-stratified Cox model, with adjustment for baseline confounders","Region-stratified Cox model,
with adjustment for baseline
confounders","ns(tstop, df = 5)3:regionLondon",-0.23498547232092462,-1.8364650438658534,1.3664940992240042,0.817096428392152,-0.287585974134435,0.7736636825359207,0.7905823348717521,0.15937983219632645,3.921577903541533
,2,"Region-stratified Cox model, with adjustment for baseline confounders","Region-stratified Cox model,
with adjustment for baseline
confounders","ns(tstop, df = 5)4:regionLondon",-1.3049485630093995,-4.817596078132512,2.207698952113713,1.7922000316487594,-0.728126626473103,0.46653607589034485,0.27118648370347154,0.008086202392129527,9.094764807647325
,2,"Region-stratified Cox model, with adjustment for baseline confounders","Region-stratified Cox model,
with adjustment for baseline
confounders","ns(tstop, df = 5)5:regionLondon",-3.877901553364162,-6.9205911778717955,-0.8352119288565287,1.5524211916688173,-2.497969993050344,0.012490676634167397,0.020694205335893077,9.872461299142525e-4,0.4337825406530601
,4,"Region-stratified marginal structural Cox model, with adjustment for baseline and time-varying confounders","Region-stratified marginal
structural Cox model, with
adjustment for baseline and
time-varying confounders",(Intercept),-24.801235124964442,-37.43652497633551,-12.16594527359337,6.446694914313033,-3.8471240619593194,1.1951245983326741e-4,1.694183473082942e-11,5.514723991402675e-17,5.2047167635987755e-6
,4,"Region-stratified marginal structural Cox model, with adjustment for baseline and time-varying confounders","Region-stratified marginal
structural Cox model, with
adjustment for baseline and
time-varying confounders",timesincevax_pw1-3,-4.98850618707117,-6.412457945909531,-3.5645544282328094,0.7265193493708613,-6.866308779512935,6.588438709116137e-12,0.0068158384789628575,0.001640986085961983,0.028309596631392132
,4,"Region-stratified marginal structural Cox model, with adjustment for baseline and time-varying confounders","Region-stratified marginal
structural Cox model, with
adjustment for baseline and
time-varying confounders",timesincevax_pw4-7,-4.867083472772126,-5.746727756886562,-3.9874391886576905,0.44880635106203876,-10.844506681455911,2.1177524579336285e-27,0.007695777533762923,0.0031932126875861425,0.01854714910767197
,4,"Region-stratified marginal structural Cox model, with adjustment for baseline and time-varying confounders","Region-stratified marginal
structural Cox model, with
adjustment for baseline and
time-varying confounders",timesincevax_pw8-14,-4.830395151978259,-5.438620677037981,-4.222169626918537,0.3103248477305336,-15.565608707468591,1.2467834181072003e-54,0.00798336599972376,0.004345472949558662,0.014666788500436609
,4,"Region-stratified marginal structural Cox model, with adjustment for baseline and time-varying confounders","Region-stratified marginal
structural Cox model, with
adjustment for baseline and
time-varying confounders",timesincevax_pw15-21,-4.4576900883147585,-4.883768222250381,-4.0316119543791364,0.21739079763529934,-20.50542220187765,1.9259104327094907e-93,0.011589102195904576,0.007568440659493704,0.01774570162463358
,4,"Region-stratified marginal structural Cox model, with adjustment for baseline and time-varying confounders","Region-stratified marginal
structural Cox model, with
adjustment for baseline and
time-varying confounders",timesincevax_pw22-28,-4.865282227879365,-5.379587492866917,-4.350976962891813,0.2624054671638491,-18.541085597280734,9.625887495464996e-77,0.007709652005650966,0.004609723081499171,0.012894209261027311
,4,"Region-stratified marginal structural Cox model, with adjustment for baseline and time-varying confounders","Region-stratified marginal
structural Cox model, with
adjustment for baseline and
time-varying confounders",timesincevax_pw29-35,-5.619760464321078,-6.368576876732115,-4.87094405191004,0.3820562103781528,-14.709250397366224,5.622679592010244e-49,0.00362550944382908,0.0017145975738212895,0.0076661246510452965
,4,"Region-stratified marginal structural Cox model, with adjustment for baseline and time-varying confounders","Region-stratified marginal
structural Cox model, with
adjustment for baseline and
time-varying confounders",timesincevax_pw36+,-5.568595535403621,-5.978696564038025,-5.158494506769217,0.20923906350791593,-26.61355600644308,4.730230207027113e-156,0.0038158358773407713,0.0025321246044625535,0.0057503502857401915
,4,"Region-stratified marginal structural Cox model, with adjustment for baseline and time-varying confounders","Region-stratified marginal
structural Cox model, with
adjustment for baseline and
time-varying confounders","poly(age, degree = 2, raw = TRUE)1",0.22147154703513516,-0.06762217994988112,0.5105652740201514,0.1474995098202573,1.5015070036844196,0.1332244765785916,1.2479117409267044,0.9346135226064658,1.6662328069036914
,4,"Region-stratified marginal structural Cox model, with adjustment for baseline and time-varying confounders","Region-stratified marginal
structural Cox model, with
adjustment for baseline and
time-varying confounders","poly(age, degree = 2, raw = TRUE)2",-9.295727808605108e-4,-0.002583005815287517,7.238602535664953e-4,8.436037842884233e-4,-1.1019068408335817,0.27050217426448464,0.9990708591380733,0.9974203272738196,1.0007241223036252
,4,"Region-stratified marginal structural Cox model, with adjustment for baseline and time-varying confounders","Region-stratified marginal
structural Cox model, with
adjustment for baseline and
time-varying confounders",sexMale,0.6779778997489312,0.5960330506444745,0.7599227488533878,0.04180936473875398,16.215934013474715,3.8911681730494217e-59,1.969890386337742,1.8149048655070612,2.138111042587185
,4,"Region-stratified marginal structural Cox model, with adjustment for baseline and time-varying confounders","Region-stratified marginal
structural Cox model, with
adjustment for baseline and
time-varying confounders",imd2,0.22307441791335111,0.09655258496268171,0.3495962508640205,0.06455314176620464,3.4556709682895215,5.489249465647603e-4,1.2499135862359998,1.101367494989705,1.4184947169445394
,4,"Region-stratified marginal structural Cox model, with adjustment for baseline and time-varying confounders","Region-stratified marginal
structural Cox model, with
adjustment for baseline and
time-varying confounders",imd3,0.24541290107777128,0.11765677961460169,0.37316902254094086,0.06518289237500975,3.76498943412734,1.6655612498904437e-4,1.2781489533461876,1.124857970919199,1.4523297955607453
,4,"Region-stratified marginal structural Cox model, with adjustment for baseline and time-varying confounders","Region-stratified marginal
structural Cox model, with
adjustment for baseline and
time-varying confounders",imd4,0.25035044753213015,0.11789574108412956,0.3828051539801307,0.06758017366277465,3.7044954749802796,2.1181188881333297e-4,1.2844754790832338,1.1251268007516466,1.4663922815311965
,4,"Region-stratified marginal structural Cox model, with adjustment for baseline and time-varying confounders","Region-stratified marginal
structural Cox model, with
adjustment for baseline and
time-varying confounders",imd5 least deprived,0.14565540895468204,0.0028825464864102035,0.2884282714229539,0.07284463571496518,1.9995351411271955,0.04555048359567547,1.1567974973032937,1.002886705018294,1.3343286365958493
,4,"Region-stratified marginal structural Cox model, with adjustment for baseline and time-varying confounders","Region-stratified marginal
structural Cox model, with
adjustment for baseline and
time-varying confounders",ethnicity_combinedBlack,0.3733703725249487,0.04513230141754959,0.7016084436323478,0.1674714809539865,2.2294564447515324,0.02578355021392396,1.4526222515838751,1.0461662600324437,2.0169943214677644
,4,"Region-stratified marginal structural Cox model, with adjustment for baseline and time-varying confounders","Region-stratified marginal
structural Cox model, with
adjustment for baseline and
time-varying confounders",ethnicity_combinedSouth Asian,0.08979725409154482,-0.11415106780884285,0.2937455759919325,0.10405717835077892,0.8629606867566253,0.38815908227326534,1.0939524668330438,0.8921231746089028,1.3414425650524504
,4,"Region-stratified marginal structural Cox model, with adjustment for baseline and time-varying confounders","Region-stratified marginal
structural Cox model, with
adjustment for baseline and
time-varying confounders",ethnicity_combinedMixed,0.34736611605069667,-0.18194583011495857,0.8766780622163519,0.2700620778446954,1.286245439652051,0.19835741727190664,1.4153348073156518,0.8336464977275881,2.402904135337485
,4,"Region-stratified marginal structural Cox model, with adjustment for baseline and time-varying confounders","Region-stratified marginal
structural Cox model, with
adjustment for baseline and
time-varying confounders",ethnicity_combinedOther,0.5316611820018282,0.1118660708523786,0.9514562931512778,0.21418511485963007,2.4822508433896613,0.01305553341485213,1.7017568898141326,1.1183630692019595,2.589477953788637
,4,"Region-stratified marginal structural Cox model, with adjustment for baseline and time-varying confounders","Region-stratified marginal
structural Cox model, with
adjustment for baseline and
time-varying confounders",bmiObese I (30-34.9),-0.04166672636917326,-0.1773846752026261,0.09405122246427958,0.0692451238410393,-0.6017279493184872,0.5473552423825611,0.959189399843125,0.8374575733919157,1.0986160182957105
,4,"Region-stratified marginal structural Cox model, with adjustment for baseline and time-varying confounders","Region-stratified marginal
structural Cox model, with
adjustment for baseline and
time-varying confounders",bmiObese II (35-39.9),0.12827860073858072,-0.10686518611474513,0.3634223875919066,0.1199735243647894,1.0692242427465832,0.2849686373932211,1.136869691315841,0.8986468148929044,1.4382432270531167
,4,"Region-stratified marginal structural Cox model, with adjustment for baseline and time-varying confounders","Region-stratified marginal
structural Cox model, with
adjustment for baseline and
time-varying confounders",bmiObese III (40+),0.11414702920813374,-0.24286362626818747,0.47115768468445496,0.18215164068951054,0.6266593524826102,0.5308825537002961,1.1209169202961615,0.7843784750978355,1.6018475545871063
,4,"Region-stratified marginal structural Cox model, with adjustment for baseline and time-varying confounders","Region-stratified marginal
structural Cox model, with
adjustment for baseline and
time-varying confounders",heart_failure,0.28089257264247697,0.14985710390312523,0.4119280413818287,0.06685605948524709,4.201452715059592,2.6520764514258337e-5,1.3243113290266704,1.1616682330111345,1.509725794637939
,4,"Region-stratified marginal structural Cox model, with adjustment for baseline and time-varying confounders","Region-stratified marginal
structural Cox model, with
adjustment for baseline and
time-varying confounders",other_heart_disease,0.041643198621448545,-0.11054407110106806,0.19383046834396517,0.07764799298504994,0.5363074693954597,0.5917460691907382,1.042522438939167,0.8953468703975579,1.2138904726489719
,4,"Region-stratified marginal structural Cox model, with adjustment for baseline and time-varying confounders","Region-stratified marginal
structural Cox model, with
adjustment for baseline and
time-varying confounders",dialysis,1.0513818357766485,0.5368008518547502,1.5659628196985467,0.2625461426744815,4.004560208222929,6.213296533281203e-5,2.861602652172107,1.710525873935779,4.7872820070688284
,4,"Region-stratified marginal structural Cox model, with adjustment for baseline and time-varying confounders","Region-stratified marginal
structural Cox model, with
adjustment for baseline and
time-varying confounders",diabetes,-0.050658379761499686,-0.2195010581680079,0.11818429864500853,0.08614580662620219,-0.5880539256114108,0.5564960976314793,0.950603360415656,0.8029193080690564,1.1254515114435606
,4,"Region-stratified marginal structural Cox model, with adjustment for baseline and time-varying confounders","Region-stratified marginal
structural Cox model, with
adjustment for baseline and
time-varying confounders",chronic_liver_disease,0.5797375672968978,0.1931728725918193,0.9663022620019763,0.19723050921050164,2.9393909168390944,0.003288580075748082,1.7855697773545258,1.213092485835713,2.628208044340051
,4,"Region-stratified marginal structural Cox model, with adjustment for baseline and time-varying confounders","Region-stratified marginal
structural Cox model, with
adjustment for baseline and
time-varying confounders",current_copd,0.054860679328082945,-0.11627477106660405,0.22599612972276995,0.08731560974823091,0.6283032264937538,0.5298053183988533,1.0563934269805324,0.8902305800825604,1.2535708136022221
,4,"Region-stratified marginal structural Cox model, with adjustment for baseline and time-varying confounders","Region-stratified marginal
structural Cox model, with
adjustment for baseline and
time-varying confounders",other_resp_conditions,0.08772342537580223,-0.07699577333612227,0.2524426240877267,0.08404195179667003,1.0438051889613311,0.29657553038667167,1.091686147584878,0.9258937670399647,1.2871656417331416
,4,"Region-stratified marginal structural Cox model, with adjustment for baseline and time-varying confounders","Region-stratified marginal
structural Cox model, with
adjustment for baseline and
time-varying confounders",lung_cancer,0.5311921014515695,0.13423442029228244,0.9281497826108565,0.20253315075707445,2.6227415090614,0.008722542282882741,1.7009588159509492,1.143660885542437,2.529824120188376
,4,"Region-stratified marginal structural Cox model, with adjustment for baseline and time-varying confounders","Region-stratified marginal
structural Cox model, with
adjustment for baseline and
time-varying confounders",haematological_cancer,0.28022255585905065,-0.022929749516514608,0.5833748612346159,0.15467238570034555,1.8117167753650585,0.07002997022191282,1.3234243153999328,0.9773311393467696,1.7920762452759043
,4,"Region-stratified marginal structural Cox model, with adjustment for baseline and time-varying confounders","Region-stratified marginal
structural Cox model, with
adjustment for baseline and
time-varying confounders",cancer_excl_lung_and_haem,0.00197900672779632,-0.1728206539411502,0.17677866739674286,0.0891851391391597,0.02218987094596987,0.9822964974169627,1.001980966254036,0.841288483089204,1.1933669328846839
,4,"Region-stratified marginal structural Cox model, with adjustment for baseline and time-varying confounders","Region-stratified marginal
structural Cox model, with
adjustment for baseline and
time-varying confounders",any_immunosuppression,0.04466499670247657,-0.16407277843828086,0.253402771843234,0.10650082184532696,0.41938640405371086,0.6749337588228157,1.045677495816186,0.8486802540090628,1.2884021044334715
,4,"Region-stratified marginal structural Cox model, with adjustment for baseline and time-varying confounders","Region-stratified marginal
structural Cox model, with
adjustment for baseline and
time-varying confounders",dementia,0.412107184755087,0.22187772299788958,0.6023366465122845,0.09705763129205598,4.246004969099399,2.176158058511491e-5,1.509996276236255,1.2484187156330075,1.8263814261157114
,4,"Region-stratified marginal structural Cox model, with adjustment for baseline and time-varying confounders","Region-stratified marginal
structural Cox model, with
adjustment for baseline and
time-varying confounders",other_neuro_conditions,0.024951428284259374,-0.2381054368800178,0.28800829344853657,0.13421515254322847,0.18590619472881748,0.8525183241989469,1.0252653204192983,0.7881195898422452,1.3337683656168153
,4,"Region-stratified marginal structural Cox model, with adjustment for baseline and time-varying confounders","Region-stratified marginal
structural Cox model, with
adjustment for baseline and
time-varying confounders",LD_incl_DS_and_CP,-0.4538823715082797,-2.0165350482141617,1.1087703051976026,0.797286424154672,-0.5692839583836027,0.5691634514157577,0.6351574414637788,0.1331159071148095,3.0306293529507986
,4,"Region-stratified marginal structural Cox model, with adjustment for baseline and time-varying confounders","Region-stratified marginal
structural Cox model, with
adjustment for baseline and
time-varying confounders",psychosis_schiz_bipolar,-0.009101356008462153,-0.48696141282238925,0.468758700805465,0.24381063151324536,-0.03732961090323786,0.9702221958543605,0.9909399359661933,0.6144907439506344,1.5980093538586648
,4,"Region-stratified marginal structural Cox model, with adjustment for baseline and time-varying confounders","Region-stratified marginal
structural Cox model, with
adjustment for baseline and
time-varying confounders",multimorb1,0.18660664587488054,0.01105202364278468,0.3621612681069764,0.08957033068813935,2.083353320694957,0.03721902981076595,1.2051531398435937,1.0111133228747988,1.4364305737218692
,4,"Region-stratified marginal structural Cox model, with adjustment for baseline and time-varying confounders","Region-stratified marginal
structural Cox model, with
adjustment for baseline and
time-varying confounders",multimorb2,0.23788743120763395,-0.06621337377979064,0.5419882361950585,0.155156322966204,1.5332113230051887,0.12522379527137234,1.2685663838012813,0.9359311398194667,1.7194220831471345
,4,"Region-stratified marginal structural Cox model, with adjustment for baseline and time-varying confounders","Region-stratified marginal
structural Cox model, with
adjustment for baseline and
time-varying confounders",multimorb3,0.275374771998482,-0.18982685677083605,0.7405764007678,0.23735213118137335,1.160195068095064,0.24596939452226854,1.3170241661672888,0.8271023287144447,2.0971439615756333
,4,"Region-stratified marginal structural Cox model, with adjustment for baseline and time-varying confounders","Region-stratified marginal
structural Cox model, with
adjustment for baseline and
time-varying confounders",multimorb4+,0.3826121941164131,-0.24330109358606622,1.0085254818188925,0.31934938225375753,1.1980990582044917,0.23087845546285074,1.466109353974105,0.7840354101954453,2.741555559683897
,4,"Region-stratified marginal structural Cox model, with adjustment for baseline and time-varying confounders","Region-stratified marginal
structural Cox model, with
adjustment for baseline and
time-varying confounders",shielded,0.3298191308411524,0.21825779757742667,0.4413804641048781,0.0569200935036089,5.794423560113106,6.855623938210982e-9,1.3907165679788536,1.2439077026801084,1.5548521552553367
,4,"Region-stratified marginal structural Cox model, with adjustment for baseline and time-varying confounders","Region-stratified marginal
structural Cox model, with
adjustment for baseline and
time-varying confounders",flu_vaccine,0.32030166641650337,0.1836769647760274,0.45692636805697934,0.0697077613252867,4.594921144029238,4.329129506748949e-6,1.377543260201115,1.2016275923551472,1.5792125994762145
,4,"Region-stratified marginal structural Cox model, with adjustment for baseline and time-varying confounders","Region-stratified marginal
structural Cox model, with
adjustment for baseline and
time-varying confounders",efi_catMild,0.38155374418802407,0.15982622330238583,0.6032812650736623,0.11312836492639493,3.3727504541966606,7.442136831991993e-4,1.464558371596773,1.173306959866049,1.8281074750115418
,4,"Region-stratified marginal structural Cox model, with adjustment for baseline and time-varying confounders","Region-stratified marginal
structural Cox model, with
adjustment for baseline and
time-varying confounders",efi_catModerate,0.7231231476979965,0.49728108148169414,0.9489652139142988,0.11522766132322625,6.275603786399488,3.482800628779527e-10,2.060859538959079,1.6442446204870884,2.5830353868273335
,4,"Region-stratified marginal structural Cox model, with adjustment for baseline and time-varying confounders","Region-stratified marginal
structural Cox model, with
adjustment for baseline and
time-varying confounders",efi_catSevere,1.1395930736947038,0.9038257826110636,1.375360364778344,0.12029164461354518,9.473584614757044,2.704015396847714e-21,3.1254962597319333,2.469031041075492,3.9565022501066327
,4,"Region-stratified marginal structural Cox model, with adjustment for baseline and time-varying confounders","Region-stratified marginal
structural Cox model, with
adjustment for baseline and
time-varying confounders","ns(tstop, df = 5)1",2.956714668370861,2.4285206032655378,3.4849087334761846,0.2694917198844728,10.971449028706196,5.24254111308239e-28,19.234675549960997,11.342090210925877,32.61944991020008
,4,"Region-stratified marginal structural Cox model, with adjustment for baseline and time-varying confounders","Region-stratified marginal
structural Cox model, with
adjustment for baseline and
time-varying confounders","ns(tstop, df = 5)2",4.973905975695831,4.369464338374344,5.578347613017318,0.3083942572869936,16.12840011825215,1.611409265814738e-58,144.59055300803908,79.00130239741408,264.63396658957976
,4,"Region-stratified marginal structural Cox model, with adjustment for baseline and time-varying confounders","Region-stratified marginal
structural Cox model, with
adjustment for baseline and
time-varying confounders","ns(tstop, df = 5)3",3.578937050175691,3.0362601872015302,4.121613913149852,0.27688103825107324,12.925901581351132,3.2150566796910565e-38,35.83542933202453,20.827207549267197,61.65867375032272
,4,"Region-stratified marginal structural Cox model, with adjustment for baseline and time-varying confounders","Region-stratified marginal
structural Cox model, with
adjustment for baseline and
time-varying confounders","ns(tstop, df = 5)4",3.769047000931323,2.605265921764487,4.932828080098159,0.5937767675052158,6.34758247071062,2.1872473249842713e-10,43.33874336725182,13.534824028524374,138.7714145890738
,4,"Region-stratified marginal structural Cox model, with adjustment for baseline and time-varying confounders","Region-stratified marginal
structural Cox model, with
adjustment for baseline and
time-varying confounders","ns(tstop, df = 5)5",1.949566740083991,1.2688315507478425,2.6303019294201393,0.3473202542014552,5.613167434091504,1.986562066158383e-8,7.0256429915952845,3.5566943166646223,13.877959433871219
,4,"Region-stratified marginal structural Cox model, with adjustment for baseline and time-varying confounders","Region-stratified marginal
structural Cox model, with
adjustment for baseline and
time-varying confounders",regionNorth East and Yorkshire,-2.6235546748415173,-3.417595405080552,-1.8295139446024824,0.4051302659142347,-6.475829864058882,9.429224821888495e-11,0.07254453173608448,0.03279118974263008,0.160491556607536
,4,"Region-stratified marginal structural Cox model, with adjustment for baseline and time-varying confounders","Region-stratified marginal
structural Cox model, with
adjustment for baseline and
time-varying confounders",regionEast of England,-1.4811944044781205,-2.2128774009749517,-0.7495114079812892,0.3733145110156378,-3.9676850504642576,7.257415565230241e-5,0.2273659592189879,0.10938544945703164,0.47259740365995573
,4,"Region-stratified marginal structural Cox model, with adjustment for baseline and time-varying confounders","Region-stratified marginal
structural Cox model, with
adjustment for baseline and
time-varying confounders",regionSouth East,-0.0802123104168748,-1.1322655906949946,0.9718409698612449,0.5367717409996214,-0.14943467453688358,0.8812106525680792,0.922920379973902,0.3223022237054825,2.6428053085650567
,4,"Region-stratified marginal structural Cox model, with adjustment for baseline and time-varying confounders","Region-stratified marginal
structural Cox model, with
adjustment for baseline and
time-varying confounders",regionSouth West,0.7505779826035212,-0.3917877321925317,1.892943697399574,0.5828503604182976,1.2877713279011263,0.19782557583235208,2.118223959468697,0.6758475594152813,6.638882807166047
,4,"Region-stratified marginal structural Cox model, with adjustment for baseline and time-varying confounders","Region-stratified marginal
structural Cox model, with
adjustment for baseline and
time-varying confounders",regionNorth West,-0.523292875036,-1.646822713102514,0.600236963030514,0.5732400426379128,-0.9128686695157093,0.3613116171036387,0.5925660857653192,0.1926610766930796,1.8225506263447788
,4,"Region-stratified marginal structural Cox model, with adjustment for baseline and time-varying confounders","Region-stratified marginal
structural Cox model, with
adjustment for baseline and
time-varying confounders",regionLondon,-0.7737692245641069,-2.2260102012177003,0.6784717520894864,0.7409528889860657,-1.0442893685493928,0.29635153013492904,0.46127115297796817,0.10795830392011883,1.9708634615736365
,4,"Region-stratified marginal structural Cox model, with adjustment for baseline and time-varying confounders","Region-stratified marginal
structural Cox model, with
adjustment for baseline and
time-varying confounders","ns(tstop, df = 5)1:regionNorth East and Yorkshire",0.6448599833058558,-0.17372262331199606,1.4634425899237078,0.4176518615008884,1.54401319076722,0.12258513710827383,1.9057201779512583,0.8405300087571416,4.32080872641386
,4,"Region-stratified marginal structural Cox model, with adjustment for baseline and time-varying confounders","Region-stratified marginal
structural Cox model, with
adjustment for baseline and
time-varying confounders","ns(tstop, df = 5)2:regionNorth East and Yorkshire",0.3200996180288135,-0.6019061681249497,1.2421054041825768,0.4704197594580449,0.6804552988964361,0.49621621673706845,1.3772649579226284,0.5477665052606978,3.462896592077769
,4,"Region-stratified marginal structural Cox model, with adjustment for baseline and time-varying confounders","Region-stratified marginal
structural Cox model, with
adjustment for baseline and
time-varying confounders","ns(tstop, df = 5)3:regionNorth East and Yorkshire",-0.25887307953430877,-1.0895833504614765,0.5718371913928588,0.42383955903256615,-0.6107808344393308,0.5413446831256472,0.7719209893980555,0.3363566073407938,1.7715186824605778
,4,"Region-stratified marginal structural Cox model, with adjustment for baseline and time-varying confounders","Region-stratified marginal
structural Cox model, with
adjustment for baseline and
time-varying confounders","ns(tstop, df = 5)4:regionNorth East and Yorkshire",1.8882024960026014,0.12660879888296517,3.6497961931222376,0.8987888099040916,2.1008300005471683,0.035655891910303904,6.60748102663258,1.1349729282456547,38.46682544648322
,4,"Region-stratified marginal structural Cox model, with adjustment for baseline and time-varying confounders","Region-stratified marginal
structural Cox model, with
adjustment for baseline and
time-varying confounders","ns(tstop, df = 5)5:regionNorth East and Yorkshire",-0.10330945976996428,-1.1416196916891597,0.9350007721492312,0.529759852787732,-0.19501187042831475,0.8453836547713611,0.9018478446676211,0.31930143288503166,2.5472154245686798
,4,"Region-stratified marginal structural Cox model, with adjustment for baseline and time-varying confounders","Region-stratified marginal
structural Cox model, with
adjustment for baseline and
time-varying confounders","ns(tstop, df = 5)1:regionEast of England",1.0146844405799522,0.2751780663919623,1.7541908147679421,0.3773061035922711,2.6892871091119486,0.007160480394398225,2.7584927916340503,1.3167651256080821,5.778769754388088
,4,"Region-stratified marginal structural Cox model, with adjustment for baseline and time-varying confounders","Region-stratified marginal
structural Cox model, with
adjustment for baseline and
time-varying confounders","ns(tstop, df = 5)2:regionEast of England",0.06274802624436139,-0.7788968478327942,0.904392900321517,0.42941854070582075,0.1461232347844706,0.883824104576493,1.0647585142256177,0.4589119819200337,2.470431669429578
,4,"Region-stratified marginal structural Cox model, with adjustment for baseline and time-varying confounders","Region-stratified marginal
structural Cox model, with
adjustment for baseline and
time-varying confounders","ns(tstop, df = 5)3:regionEast of England",0.09666852938695682,-0.6865816011559973,0.8799186599299109,0.3996247567410072,0.24189825018675387,0.808859006025631,1.101495199813015,0.5032935900340759,2.410703611641402
,4,"Region-stratified marginal structural Cox model, with adjustment for baseline and time-varying confounders","Region-stratified marginal
structural Cox model, with
adjustment for baseline and
time-varying confounders","ns(tstop, df = 5)4:regionEast of England",0.07030498846828458,-1.5998767580789228,1.7404867350154918,0.8521492025983071,0.08250314411363183,0.9342466182192428,1.072835333767976,0.20192140164271466,5.70011719420219
,4,"Region-stratified marginal structural Cox model, with adjustment for baseline and time-varying confounders","Region-stratified marginal
structural Cox model, with
adjustment for baseline and
time-varying confounders","ns(tstop, df = 5)5:regionEast of England",-1.3060884336309004,-2.4962241268523213,-0.11595274040947978,0.6072232462479206,-2.1509196851426915,0.03148253949608426,0.2708775423078109,0.08239552705507323,0.8905173077863341
,4,"Region-stratified marginal structural Cox model, with adjustment for baseline and time-varying confounders","Region-stratified marginal
structural Cox model, with
adjustment for baseline and
time-varying confounders","ns(tstop, df = 5)1:regionSouth East",0.702645982172695,-0.3728782335616817,1.7781701979070719,0.5487469281160138,1.2804554270309183,0.2003850112448689,2.0190881168208072,0.6887490942622023,5.919015875954117
,4,"Region-stratified marginal structural Cox model, with adjustment for baseline and time-varying confounders","Region-stratified marginal
structural Cox model, with
adjustment for baseline and
time-varying confounders","ns(tstop, df = 5)2:regionSouth East",-0.5256155490756315,-1.7599110517332877,0.7086799535820248,0.6297541752775164,-0.8346360686596579,0.40392264757103435,0.5911913450564632,0.1720601675960963,2.031308067129883
,4,"Region-stratified marginal structural Cox model, with adjustment for baseline and time-varying confounders","Region-stratified marginal
structural Cox model, with
adjustment for baseline and
time-varying confounders","ns(tstop, df = 5)3:regionSouth East",-0.12304977714613222,-1.2390086613330793,0.9929091070408148,0.5693772400868019,-0.21611291861152232,0.8288997300561838,0.8842196475347505,0.2896712379474007,2.699074960381285
,4,"Region-stratified marginal structural Cox model, with adjustment for baseline and time-varying confounders","Region-stratified marginal
structural Cox model, with
adjustment for baseline and
time-varying confounders","ns(tstop, df = 5)4:regionSouth East",-1.5173370940716926,-3.927443167445391,0.8927689793020059,1.2296685512510988,-1.2339399039911298,0.21722529864819473,0.2192950722717763,0.019693962398501002,2.4418818188839424
,4,"Region-stratified marginal structural Cox model, with adjustment for baseline and time-varying confounders","Region-stratified marginal
structural Cox model, with
adjustment for baseline and
time-varying confounders","ns(tstop, df = 5)5:regionSouth East",-0.5783014689577686,-2.061812331393501,0.9052093934779635,0.7569072055086098,-0.7640321888192019,0.44484806069147387,0.5608501794345281,0.12722319025171733,2.472449583675617
,4,"Region-stratified marginal structural Cox model, with adjustment for baseline and time-varying confounders","Region-stratified marginal
structural Cox model, with
adjustment for baseline and
time-varying confounders","ns(tstop, df = 5)1:regionSouth West",0.950077918825626,-0.1826870596122624,2.0828428972635145,0.5779519355319762,1.6438701220909073,0.10020303295560896,2.5859111426254793,0.8330288033080917,8.027257174061342
,4,"Region-stratified marginal structural Cox model, with adjustment for baseline and time-varying confounders","Region-stratified marginal
structural Cox model, with
adjustment for baseline and
time-varying confounders","ns(tstop, df = 5)2:regionSouth West",1.1067915037443372,-0.21269425816105691,2.4262772656497313,0.6732193919446122,1.6440279602572652,0.10017042700946854,3.0246382687208797,0.8084032621363227,11.316674591879764
,4,"Region-stratified marginal structural Cox model, with adjustment for baseline and time-varying confounders","Region-stratified marginal
structural Cox model, with
adjustment for baseline and
time-varying confounders","ns(tstop, df = 5)3:regionSouth West",0.5436263172499619,-0.6972130330825564,1.7844656675824804,0.6330929344212961,0.8586832796465897,0.39051527771475125,1.7222409440178919,0.4979712009324633,5.956396401433494
,4,"Region-stratified marginal structural Cox model, with adjustment for baseline and time-varying confounders","Region-stratified marginal
structural Cox model, with
adjustment for baseline and
time-varying confounders","ns(tstop, df = 5)4:regionSouth West",0.9198778148866832,-1.6714526135816303,3.5112082433549965,1.3221316559428633,0.6957535664106633,0.4865831729860486,2.508983810735747,0.18797381390713486,33.48870585582736
,4,"Region-stratified marginal structural Cox model, with adjustment for baseline and time-varying confounders","Region-stratified marginal
structural Cox model, with
adjustment for baseline and
time-varying confounders","ns(tstop, df = 5)5:regionSouth West",-0.31386317734684127,-1.8591002980105515,1.2313739433168691,0.7884007731021304,-0.3981010522248474,0.6905556987932124,0.7306189865491707,0.15581275236781109,3.4259333423880545
,4,"Region-stratified marginal structural Cox model, with adjustment for baseline and time-varying confounders","Region-stratified marginal
structural Cox model, with
adjustment for baseline and
time-varying confounders","ns(tstop, df = 5)1:regionNorth West",0.479106147434902,-0.6230904354351726,1.5813027303049765,0.5623555287566817,0.8519630784001773,0.3942345847624867,1.6146305153502185,0.5362845212957786,4.861284630779504
,4,"Region-stratified marginal structural Cox model, with adjustment for baseline and time-varying confounders","Region-stratified marginal
structural Cox model, with
adjustment for baseline and
time-varying confounders","ns(tstop, df = 5)2:regionNorth West",0.4349968473947163,-0.8948229398555014,1.764816634644934,0.6784919507397417,0.6411230773194152,0.521442721765106,1.5449581883003132,0.4086799531666694,5.840501314295574
,4,"Region-stratified marginal structural Cox model, with adjustment for baseline and time-varying confounders","Region-stratified marginal
structural Cox model, with
adjustment for baseline and
time-varying confounders","ns(tstop, df = 5)3:regionNorth West",-0.5008783075032682,-1.7724443447663658,0.7706877297598292,0.6487701035799884,-0.7720428311035972,0.44008906010381293,0.6059981731609435,0.1699171447158705,2.1612521001837477
,4,"Region-stratified marginal structural Cox model, with adjustment for baseline and time-varying confounders","Region-stratified marginal
structural Cox model, with
adjustment for baseline and
time-varying confounders","ns(tstop, df = 5)4:regionNorth West",0.664069624602224,-1.9762180184729992,3.304357267677447,1.3471102856488568,0.4929586179221877,0.6220418274752882,1.9426822565075614,0.1385924012905185,27.2310336974261
,4,"Region-stratified marginal structural Cox model, with adjustment for baseline and time-varying confounders","Region-stratified marginal
structural Cox model, with
adjustment for baseline and
time-varying confounders","ns(tstop, df = 5)5:regionNorth West",-0.5117489350908068,-2.3850757160487137,1.3615778458671,0.9557965328620679,-0.5354161869141848,0.5923620994533949,0.5994462688775566,0.09208200722958007,3.9023457468224283
,4,"Region-stratified marginal structural Cox model, with adjustment for baseline and time-varying confounders","Region-stratified marginal
structural Cox model, with
adjustment for baseline and
time-varying confounders","ns(tstop, df = 5)1:regionLondon",2.0763243758957004,0.6816553830380792,3.4709933687533217,0.7115788881115126,2.917911717991156,0.003523841014142312,7.975101500263624,1.9771479619422396,32.16868194175403
,4,"Region-stratified marginal structural Cox model, with adjustment for baseline and time-varying confounders","Region-stratified marginal
structural Cox model, with
adjustment for baseline and
time-varying confounders","ns(tstop, df = 5)2:regionLondon",0.15502596216344436,-1.5360461592278125,1.8460980835547014,0.8628077529639414,0.17967613484104056,0.8574068301472293,1.1676882764254823,0.21523040807178276,6.335052389283053
,4,"Region-stratified marginal structural Cox model, with adjustment for baseline and time-varying confounders","Region-stratified marginal
structural Cox model, with
adjustment for baseline and
time-varying confounders","ns(tstop, df = 5)3:regionLondon",-0.16879462797103606,-1.8115224469962694,1.473933191054197,0.8381418393311618,-0.2013914829806544,0.8403924743814265,0.8446823597039291,0.16340517161993762,4.366375199277614
,4,"Region-stratified marginal structural Cox model, with adjustment for baseline and time-varying confounders","Region-stratified marginal
structural Cox model, with
adjustment for baseline and
time-varying confounders","ns(tstop, df = 5)4:regionLondon",-1.3654763792113036,-4.933049206292506,2.2020964478698986,1.8202236649355614,-0.7501695563658346,0.45315259170985617,0.25525904691614915,0.007204501742759965,9.04395381651748
,4,"Region-stratified marginal structural Cox model, with adjustment for baseline and time-varying confounders","Region-stratified marginal
structural Cox model, with
adjustment for baseline and
time-varying confounders","ns(tstop, df = 5)5:regionLondon",-4.199353455517262,-7.356376064375189,-1.0423308466593348,1.6107554188546929,-2.607070823019896,0.009132046976268807,0.01500527526283582,6.385081844198341e-4,0.35263179268102485
