strata,model,model_descr,term,estimate,conf.low,conf.high,std.error,statistic,p.value,or,or.ll,or.ul,ve,ve.ll,ve.ul
all,1,"Region-stratified Cox model, with no further adjustment",(Intercept),-9.178721188353586,-9.327310309561991,-9.030132067145182,0.07581216919313609,-121.07187125816488,0,1.0321243805880585e-4,8.896119366439319e-5,1.1974667752582811e-4,0.9998967875619412,0.9998802533224742,0.9999110388063356
all,1,"Region-stratified Cox model, with no further adjustment",timesincevax_pw1-3,-1.1514694036386366,-1.2729293040289287,-1.0300095032483445,0.06197047565585507,-18.580935380150564,4.584445540586034e-77,0.3161718438233067,0.28001018428471763,0.35700356785946125,0.6838281561766932,0.6429964321405388,0.7199898157152824
all,1,"Region-stratified Cox model, with no further adjustment",timesincevax_pw4-7,-1.0543033222874054,-1.1569327201363722,-0.9516739244384387,0.05236289985861699,-20.13454803179519,3.6765175180728076e-90,0.3484350897289319,0.31444920691289874,0.38609418973042003,0.6515649102710681,0.61390581026958,0.6855507930871012
all,1,"Region-stratified Cox model, with no further adjustment",timesincevax_pw8-14,-0.9572022995331376,-1.0388350551716736,-0.8755695438946015,0.04165013045262304,-22.981976025788295,7.06009705611824e-117,0.38396560545516534,0.35386667709178243,0.41662466605837795,0.6160343945448347,0.5833753339416221,0.6461333229082176
all,1,"Region-stratified Cox model, with no further adjustment",timesincevax_pw15-21,-1.14257442773995,-1.2358795264432267,-1.0492693290366735,0.047605516958094875,-24.000882686469094,2.722393540408275e-127,0.31899672977465465,0.29057907796082044,0.3501935318985508,0.6810032702253453,0.6498064681014493,0.7094209220391796
all,1,"Region-stratified Cox model, with no further adjustment",timesincevax_pw22-28,-1.503247678930155,-1.6162881463646968,-1.3902072114956132,0.05767476766215628,-26.064217332192598,9.283419921311831e-150,0.22240668047937592,0.19863463508762766,0.24902369871212968,0.777593319520624,0.7509763012878703,0.8013653649123723
all,1,"Region-stratified Cox model, with no further adjustment",timesincevax_pw29+,-2.028975515941619,-2.1426976715234494,-1.9152533603597892,0.05802257412832885,-34.96872633492824,6.72500437039641e-268,0.13147014124250456,0.11733787662999302,0.1473045067350911,0.8685298587574954,0.8526954932649089,0.8826621233700069
all,1,"Region-stratified Cox model, with no further adjustment","ns(tstop, df = 4)1",1.1588414412389685,0.9940292418822225,1.3236536405957144,0.08408940197716064,13.781064129267078,3.313516564899029e-43,3.1862396910028763,2.7020999821838463,3.7571235096627045,-2.1862396910028763,-2.7571235096627045,-1.7020999821838463
all,1,"Region-stratified Cox model, with no further adjustment","ns(tstop, df = 4)2",1.2688680903121587,1.0622778158946342,1.4754583647296833,0.10540513807757808,12.038009848991166,2.2430163530303636e-33,3.55682427909973,2.8929531045626313,4.373039760803847,-2.55682427909973,-3.373039760803847,-1.8929531045626313
all,1,"Region-stratified Cox model, with no further adjustment","ns(tstop, df = 4)3",1.7338148803413793,1.3579410093555344,2.109688751327224,0.19177590708333936,9.040837854506519,1.5547550394670744e-19,5.662213425478131,3.8881793294160967,8.245674429959863,-4.662213425478131,-7.2456744299598626,-2.8881793294160967
all,1,"Region-stratified Cox model, with no further adjustment","ns(tstop, df = 4)4",-0.13622065803211286,-0.4009474981124854,0.1285061820482597,0.13506719621814695,-1.008539910846324,0.3131953377627899,0.8726500539988669,0.6696852198530573,1.137128451052448,0.12734994600113314,-0.13712845105244797,0.3303147801469427
all,1,"Region-stratified Cox model, with no further adjustment",regionEast Midlands,0.3887241018641751,0.15620351660723722,0.621244687121113,0.11863513161008603,3.2766356524286677,0.0010505183526795735,1.4750975185303188,1.169064102840626,1.8612432662051706,-0.4750975185303188,-0.8612432662051706,-0.1690641028406259
all,1,"Region-stratified Cox model, with no further adjustment",regionLondon,1.589598799247474,1.2040374584250475,1.9751601400699006,0.19671858455751504,8.080572574385922,6.446337985742692e-16,4.90178193517233,3.3335488539641096,7.2077738148068216,-3.9017819351723304,-6.2077738148068216,-2.3335488539641096
all,1,"Region-stratified Cox model, with no further adjustment",regionNorth East,1.3111750030290157,0.9965690858733309,1.6257809201847004,0.16051617256095324,8.168491573838889,3.1226920241872646e-16,3.7105310369816844,2.708971617333626,5.0823864260179725,-2.7105310369816844,-4.0823864260179725,-1.708971617333626
all,1,"Region-stratified Cox model, with no further adjustment",regionNorth West,1.0842656538149735,0.7883783324591496,1.3801529751707975,0.15096569308913096,7.182199025674112,6.859895853453275e-13,2.9572673631636444,2.1998261454785046,3.9755097352616264,-1.9572673631636444,-2.9755097352616264,-1.1998261454785046
all,1,"Region-stratified Cox model, with no further adjustment",regionSouth East,1.2476800724004031,0.906576455275832,1.5887836895249743,0.17403565566263107,7.1691060527219594,7.548906314034399e-13,3.4822549998682817,2.475831886430304,4.89778807299847,-2.4822549998682817,-3.8977880729984697,-1.4758318864303042
all,1,"Region-stratified Cox model, with no further adjustment",regionSouth West,2.8771578403792306,2.5760586097805764,3.178257070977885,0.1536248793210929,18.728462818614517,2.901740514057582e-78,17.76371405429414,13.145225459698823,24.004878270833167,-16.76371405429414,-23.004878270833167,-12.145225459698823
all,1,"Region-stratified Cox model, with no further adjustment",regionWest Midlands,3.768280487003093,3.3371928559384743,4.199368118067711,0.21994671048293885,17.132697637209702,8.463760394565166e-66,43.30553634527714,28.140022631666888,66.64420646349103,-42.30553634527714,-65.64420646349103,-27.140022631666888
all,1,"Region-stratified Cox model, with no further adjustment",regionYorkshire and The Humber,-0.8799308334857241,-1.1463036642745985,-0.6135580026968497,0.13590700282759757,-6.474506943560111,9.512203735086123e-11,0.4148116017619486,0.3178093309372248,0.5414210603851063,0.5851883982380515,0.4585789396148937,0.6821906690627753
all,1,"Region-stratified Cox model, with no further adjustment","ns(tstop, df = 4)1:regionEast Midlands",-0.06300490725357107,-0.32241840847040476,0.19640859396326266,0.13235625922876867,-0.47602514320589423,0.6340564653388119,0.9389388660667244,0.7243950338946147,1.217024072446806,0.06106113393327561,-0.217024072446806,0.2756049661053853
all,1,"Region-stratified Cox model, with no further adjustment","ns(tstop, df = 4)2:regionEast Midlands",-0.30632771466284536,-0.6142160562343595,0.0015606269086687052,0.15708877510000088,-1.9500293032894342,0.05117262650122173,0.7361453343018821,0.5410648935423157,1.001561845320589,0.2638546656981179,-0.001561845320589006,0.4589351064576843
all,1,"Region-stratified Cox model, with no further adjustment","ns(tstop, df = 4)3:regionEast Midlands",-0.6462938616655759,-1.2265312801082837,-0.06605644322286819,0.2960449391006909,-2.18309376822604,0.02902890541406954,0.5239841403296656,0.29330821922893113,0.9360780275397641,0.47601585967033444,0.0639219724602359,0.7066917807710689
all,1,"Region-stratified Cox model, with no further adjustment","ns(tstop, df = 4)4:regionEast Midlands",0.555824919582224,0.1868844217777581,0.9247654173866899,0.1882384067843193,2.952771058135228,0.0031493543931780995,1.7433785388552299,1.205487948843903,2.5212767432937313,-0.7433785388552299,-1.5212767432937313,-0.20548794884390298
all,1,"Region-stratified Cox model, with no further adjustment","ns(tstop, df = 4)1:regionLondon",0.8494289554251329,0.432705462982057,1.2661524478682087,0.21261793366109671,3.9950955255688068,6.466817332351981e-5,2.338311190681443,1.5414221479504495,3.547178319538349,-1.338311190681443,-2.547178319538349,-0.5414221479504495
all,1,"Region-stratified Cox model, with no further adjustment","ns(tstop, df = 4)2:regionLondon",-0.22781670925708594,-0.7430720758898632,0.2874386573756913,0.2628902218086893,-0.866584948233156,0.38616946353147275,0.7962701954164029,0.475650434477843,1.333008819395942,0.20372980458359713,-0.33300881939594196,0.5243495655221571
all,1,"Region-stratified Cox model, with no further adjustment","ns(tstop, df = 4)3:regionLondon",-0.5677821829305583,-1.5282422489390044,0.39267788307788787,0.49003965051625076,-1.158645391923708,0.24660075836755982,0.5667810625279972,0.21691661782497096,1.480941276244558,0.4332189374720028,-0.48094127624455796,0.783083382175029
all,1,"Region-stratified Cox model, with no further adjustment","ns(tstop, df = 4)4:regionLondon",-0.17973642686297686,-0.8730503398937788,0.5135774861678251,0.3537380883014044,-0.5081059484604652,0.6113790438418406,0.8354903952171492,0.41767555172586524,1.6712594204179287,0.16450960478285082,-0.6712594204179287,0.5823244482741348
all,1,"Region-stratified Cox model, with no further adjustment","ns(tstop, df = 4)1:regionNorth East",-1.2021318938888659,-1.6198012855893382,-0.7844625021883935,0.21310054419111543,-5.641148869196482,1.6891922993837486e-8,0.300552781785888,0.19793802831448687,0.45636493102636577,0.699447218214112,0.5436350689736342,0.8020619716855131
all,1,"Region-stratified Cox model, with no further adjustment","ns(tstop, df = 4)2:regionNorth East",-0.4424070462921171,-0.922741542538668,0.03792744995443392,0.24507312381011506,-1.8052042566483062,0.07104272510216562,0.6424880598399633,0.39742798045884314,1.038655875613841,0.35751194016003673,-0.038655875613841095,0.6025720195411568
all,1,"Region-stratified Cox model, with no further adjustment","ns(tstop, df = 4)3:regionNorth East",-1.1415157531124756,-1.9672651340440748,-0.3157663721808762,0.4213084461985043,-2.7094537586712355,0.006739409880894002,0.3193346223463017,0.13983877403240627,0.7292297986352737,0.6806653776536983,0.2707702013647263,0.8601612259675937
all,1,"Region-stratified Cox model, with no further adjustment","ns(tstop, df = 4)4:regionNorth East",0.499715879987724,-0.061846716079877184,1.061278476055325,0.286516793419234,1.744106773024418,0.08114047325267909,1.6482529025319927,0.9400269667667223,2.8900635053582735,-0.6482529025319927,-1.8900635053582735,0.05997303323327774
all,1,"Region-stratified Cox model, with no further adjustment","ns(tstop, df = 4)1:regionNorth West",-0.0981788053667449,-0.44183841465331003,0.24548080391982025,0.17533975725947434,-0.5599346486002956,0.5755240141529954,0.9064868045567114,0.6428535027697031,1.2782357462393905,0.09351319544328862,-0.2782357462393905,0.3571464972302969
all,1,"Region-stratified Cox model, with no further adjustment","ns(tstop, df = 4)2:regionNorth West",-0.23869641065528222,-0.6463471814721335,0.1689543601615691,0.2079889089964656,-1.1476400919980712,0.2511171717883108,0.7876539694311538,0.5239562023414945,1.1840660971053854,0.21234603056884616,-0.18406609710538535,0.47604379765850546
all,1,"Region-stratified Cox model, with no further adjustment","ns(tstop, df = 4)3:regionNorth West",-0.9552529836808326,-1.7178072066751358,-0.19269876068652925,0.38906542620641704,-2.4552502467130735,0.01407865438836832,0.3847148056733136,0.1794592337858758,0.824730377935583,0.6152851943266864,0.17526962206441699,0.8205407662141242
all,1,"Region-stratified Cox model, with no further adjustment","ns(tstop, df = 4)4:regionNorth West",0.28737077714378517,-0.20666794027312413,0.7814094945606944,0.2520652018679036,1.1400652490476797,0.2542591183667587,1.3329183375191485,0.8132896658987143,2.1845492067472967,-0.33291833751914846,-1.1845492067472967,0.18671033410128568
all,1,"Region-stratified Cox model, with no further adjustment","ns(tstop, df = 4)1:regionSouth East",0.4288280901668813,0.06230439315191738,0.7953517871818452,0.18700532249880925,2.2931330746995817,0.02184034472140463,1.5354570515418837,1.0642862568754856,2.215220145800982,-0.5354570515418837,-1.215220145800982,-0.06428625687548561
all,1,"Region-stratified Cox model, with no further adjustment","ns(tstop, df = 4)2:regionSouth East",0.18553522032285166,-0.25297560111257567,0.6240460417582789,0.22373412210343907,0.8292665355580991,0.4069536025729491,1.2038625994578867,0.7764868270072948,1.8664645786191614,-0.20386259945788665,-0.8664645786191614,0.22351317299270523
all,1,"Region-stratified Cox model, with no further adjustment","ns(tstop, df = 4)3:regionSouth East",-0.03339388850913297,-0.8734694815045226,0.8066817044862568,0.4286178723802065,-0.07791063009969598,0.9378991435194046,0.9671575323143258,0.41750052320577685,2.2404611259643885,0.032842467685674226,-1.2404611259643885,0.5824994767942231
all,1,"Region-stratified Cox model, with no further adjustment","ns(tstop, df = 4)4:regionSouth East",0.08050893836871548,-0.4660978995162,0.627115776253631,0.2788861643359167,0.28868028846258204,0.7728260483166287,1.0838385343474026,0.6274458543948362,1.872202932425644,-0.08383853434740263,-0.872202932425644,0.37255414560516376
all,1,"Region-stratified Cox model, with no further adjustment","ns(tstop, df = 4)1:regionSouth West",0.4041045481702731,0.07927594056887849,0.7289331557716676,0.1657319267923295,2.438302359669278,0.014756425497905297,1.4979605478062445,1.0825029873516283,2.0728680003680258,-0.49796054780624455,-1.0728680003680258,-0.08250298735162831
all,1,"Region-stratified Cox model, with no further adjustment","ns(tstop, df = 4)2:regionSouth West",-0.09556409142747235,-0.4980076778349829,0.3068794949800382,0.20533213343813167,-0.46541225587697227,0.6416362591342734,0.9088601096451642,0.6077402687550812,1.3591771705308995,0.09113989035483583,-0.3591771705308995,0.39225973124491875
all,1,"Region-stratified Cox model, with no further adjustment","ns(tstop, df = 4)3:regionSouth West",-0.3701816703871526,-1.1117169426414926,0.3713536018671874,0.37834127468845136,-0.9784332166559997,0.3278601063935386,0.6906088560619407,0.3289936127162676,1.4496955978367514,0.30939114393805933,-0.4496955978367514,0.6710063872837324
all,1,"Region-stratified Cox model, with no further adjustment","ns(tstop, df = 4)4:regionSouth West",0.21588074077478386,-0.3056302432498365,0.7373917247994042,0.2660819219833796,0.8113318603744472,0.41717511822480297,1.2409543749181398,0.7366589537249884,2.090475861104345,-0.24095437491813976,-1.0904758611043448,0.26334104627501165
all,1,"Region-stratified Cox model, with no further adjustment","ns(tstop, df = 4)1:regionWest Midlands",0.8001969340973267,0.35375942912248615,1.2466344390721673,0.22777842271403087,3.5130497637256473,4.429944985820122e-4,2.2259792565457373,1.4244124730995167,3.478615740979777,-1.2259792565457373,-2.478615740979777,-0.4244124730995167
all,1,"Region-stratified Cox model, with no further adjustment","ns(tstop, df = 4)2:regionWest Midlands",0.7150155244795751,0.19453530434426192,1.2354957446148882,0.26555601237614307,2.6925224478322165,0.007091376159719905,2.044218417439289,1.2147463679519894,3.440083500923174,-1.0442184174392888,-2.440083500923174,-0.21474636795198943
all,1,"Region-stratified Cox model, with no further adjustment","ns(tstop, df = 4)3:regionWest Midlands",0.8360250749604279,-0.22925709449944076,1.9013072444202965,0.5435212982803147,1.538164332484461,0.12400843949848199,2.307177866794948,0.7951240851962754,6.694640255696058,-1.307177866794948,-5.694640255696058,0.20487591480372458
all,1,"Region-stratified Cox model, with no further adjustment","ns(tstop, df = 4)4:regionWest Midlands",1.6483989649186834,0.9783534001985238,2.318444529638843,0.3418662638729047,4.8217655238760475,1.4229314923609282e-6,5.198649939809121,2.6600725588866814,10.159858649866502,-4.198649939809121,-9.159858649866502,-1.6600725588866814
all,1,"Region-stratified Cox model, with no further adjustment","ns(tstop, df = 4)1:regionYorkshire and The Humber",0.13774356626014125,-0.1687078353212396,0.4441949678415221,0.15635562898024172,0.8809632704528186,0.3783377002221853,1.1476812083517685,0.8447556751057371,1.5592344565650964,-0.14768120835176846,-0.5592344565650964,0.15524432489426288
all,1,"Region-stratified Cox model, with no further adjustment","ns(tstop, df = 4)2:regionYorkshire and The Humber",-0.5200276501445358,-0.8824569104401024,-0.15759838984896912,0.18491628578604632,-2.812232832462487,0.004919887597351177,0.594504109618376,0.41376507809048785,0.854192765576615,0.40549589038162404,0.14580723442338495,0.5862349219095122
all,1,"Region-stratified Cox model, with no further adjustment","ns(tstop, df = 4)3:regionYorkshire and The Humber",-0.44762133838667173,-1.1176147764513997,0.22237209967805616,0.3418396681518389,-1.3094482006922805,0.19038257319631077,0.6391466585206685,0.3270589737614068,1.2490360573201933,0.36085334147933146,-0.2490360573201933,0.6729410262385932
all,1,"Region-stratified Cox model, with no further adjustment","ns(tstop, df = 4)4:regionYorkshire and The Humber",0.7279582294053343,0.3095514066106146,1.146365052200054,0.2134767914589551,3.410011104393509,6.496023453753019e-4,2.0708480914917393,1.3628136278036729,3.146733882421059,-1.0708480914917393,-2.146733882421059,-0.3628136278036729
all,2,"Region-stratified Cox model, with adjustment for baseline confounders",(Intercept),-29.417396359260568,-37.15064990488691,-21.684142813634224,3.9456100247888553,-7.4557283092960525,8.937274551755401e-14,1.675664578150041e-13,7.339690503574389e-17,3.8255724503633313e-10,0.9999999999998325,0.9999999996174428,0.9999999999999999
all,2,"Region-stratified Cox model, with adjustment for baseline confounders",timesincevax_pw1-3,-1.0813957528529974,-1.2030149105137515,-0.9597765951922433,0.06205173085835786,-17.427326166315023,5.118395188980594e-68,0.3391218648547506,0.30028750582169544,0.3829784356424424,0.6608781351452494,0.6170215643575576,0.6997124941783046
all,2,"Region-stratified Cox model, with adjustment for baseline confounders",timesincevax_pw4-7,-0.9719442823435377,-1.0747131926450302,-0.8691753720420452,0.052434080989304174,-18.5364988573329,1.0482788229924866e-76,0.37834670969280143,0.34139565604610445,0.41929717089322743,0.6216532903071985,0.5807028291067726,0.6586043439538956
all,2,"Region-stratified Cox model, with adjustment for baseline confounders",timesincevax_pw8-14,-0.8565959990950717,-0.9383211250473582,-0.7748708731427851,0.0416972590297189,-20.543220802224667,8.849493866909691e-94,0.4246049808495786,0.3912842014712518,0.4607632740713073,0.5753950191504213,0.5392367259286928,0.6087157985287481
all,2,"Region-stratified Cox model, with adjustment for baseline confounders",timesincevax_pw15-21,-1.0226570632640428,-1.116029285020385,-0.9292848415077005,0.047639764043038775,-21.466459454756173,3.205272890060914e-102,0.3596380883751719,0.3275779342567383,0.3948359797298754,0.640361911624828,0.6051640202701246,0.6724220657432617
all,2,"Region-stratified Cox model, with adjustment for baseline confounders",timesincevax_pw22-28,-1.3702275909285462,-1.4835437716524373,-1.256911410204655,0.05781544029263539,-23.70002864274801,3.6032369941407574e-124,0.2540491336944956,0.2268324200829149,0.28453147176815297,0.7459508663055043,0.715468528231847,0.7731675799170851
all,2,"Region-stratified Cox model, with adjustment for baseline confounders",timesincevax_pw29+,-1.8880079218583528,-2.004712625759394,-1.7713032179573116,0.0595443104167184,-31.707612509830195,1.2202241608091575e-220,0.15137305563853612,0.13469899915664363,0.17011115239765454,0.8486269443614639,0.8298888476023455,0.8653010008433564
all,2,"Region-stratified Cox model, with adjustment for baseline confounders","poly(age, degree = 2, raw = TRUE)1",0.38985651574347446,0.21245849904300593,0.567254532443943,0.09051085535232356,4.307290150180491,1.6526676168466186e-5,1.476768885594645,1.2367147876530384,1.7634189897568266,-0.47676888559464503,-0.7634189897568266,-0.23671478765303844
all,2,"Region-stratified Cox model, with adjustment for baseline confounders","poly(age, degree = 2, raw = TRUE)2",-0.001914162980550478,-0.0029295269773258847,-8.987989837750711e-4,5.180523748316136e-4,-3.69492173676967,2.1995452711656864e-4,0.9980876678610449,0.9970747598996339,0.9991016048150445,0.0019123321389551418,8.983951849554916e-4,0.0029252401003661
all,2,"Region-stratified Cox model, with adjustment for baseline confounders",sexMale,0.3203664750512176,0.27176435169398483,0.3689685984084504,0.02479745737197221,12.91932758450138,3.5018836775115936e-38,1.3776325397920814,1.3122777288489489,1.4462421886552015,-0.37763253979208145,-0.4462421886552015,-0.3122777288489489
all,2,"Region-stratified Cox model, with adjustment for baseline confounders",imd2,-0.05392016458996325,-0.13326013047292187,0.02541980129299537,0.04048031826542843,-1.332009403592385,0.18285709848198065,0.9475077481519038,0.875237386578192,1.025745639497641,0.05249225184809625,-0.02574563949764097,0.12476261342180806
all,2,"Region-stratified Cox model, with adjustment for baseline confounders",imd3,-0.01756461613749363,-0.0944828225737964,0.05935359029880913,0.03924470400631021,-0.4475665336823382,0.6544660603620321,0.9825887425244678,0.9098433632590289,1.0611503868946135,0.017411257475532183,-0.061150386894613495,0.09015663674097107
all,2,"Region-stratified Cox model, with adjustment for baseline confounders",imd4,-0.0019635993634370737,-0.07904002537067051,0.07511282664379637,0.039325429760547884,-0.04993205097549878,0.960176536165758,0.9980383272365632,0.9240029401447567,1.0780057717966878,0.001961672763436839,-0.07800577179668777,0.0759970598552433
all,2,"Region-stratified Cox model, with adjustment for baseline confounders",imd5 least deprived,-0.10341181247257197,-0.18286977214902883,-0.02395385279611513,0.040540520286704816,-2.5508259820356987,0.010746797003441501,0.9017555428271304,0.832876612406256,0.9763307636531551,0.09824445717286956,0.023669236346844924,0.167123387593744
all,2,"Region-stratified Cox model, with adjustment for baseline confounders",ethnicity_combinedBlack,0.14999354879380591,-0.04433338570106582,0.34432048328867765,0.09914821702219931,1.5128214434781244,0.1303250203874525,1.1618267475201964,0.956634975881952,1.4110307748354038,-0.16182674752019643,-0.41103077483540384,0.04336502411804799
all,2,"Region-stratified Cox model, with adjustment for baseline confounders",ethnicity_combinedSouth Asian,0.11297917315528576,-0.053951178720387835,0.27990952503095934,0.08517011189613634,1.326511972804053,0.1846701719941742,1.119608614791004,0.9474783624787122,1.3230101076238507,-0.11960861479100404,-0.32301010762385074,0.0525216375212878
all,2,"Region-stratified Cox model, with adjustment for baseline confounders",ethnicity_combinedMixed,0.46941261746541274,0.15454917464062556,0.7842760602901999,0.16064756562283283,2.9220026811205857,0.003477885466335791,1.5990546605323812,1.167131669926802,2.1908203446580217,-0.5990546605323812,-1.1908203446580217,-0.16713166992680195
all,2,"Region-stratified Cox model, with adjustment for baseline confounders",ethnicity_combinedOther,0.38543834852745834,0.08306275769823968,0.687813939356677,0.1542760954866104,2.498367276613573,0.01247668533415765,1.4702586659282908,1.0866099995509164,1.9893619105572622,-0.4702586659282908,-0.9893619105572622,-0.08660999955091642
all,2,"Region-stratified Cox model, with adjustment for baseline confounders",bmiObese I (30-34.9),0.006442367039960337,-0.062167176142173784,0.07505191022209445,0.03500551220497798,0.18403864517783564,0.8539831382106338,1.0064631637224666,0.93972577392910706,1.0779401055425928,-0.0064631637224665806,-0.07794010554259279,0.060274226070892944
all,2,"Region-stratified Cox model, with adjustment for baseline confounders",bmiObese II (35-39.9),0.003923378591378348,-0.14992702851947043,0.1577737857022271,0.07849654806129153,0.049981542988551585,0.960137096497809,1.0039310851164065,0.8607707858520217,1.170901290133089,-0.003931085116406496,-0.17090129013308908,0.1392292141479783
all,2,"Region-stratified Cox model, with adjustment for baseline confounders",bmiObese III (40+),0.1845441111244269,-0.012274882303542595,0.3813631045523964,0.10041969902531508,1.8377281839682138,0.0661024686589198,1.20267003124221,0.9878001467595017,1.4642791953343324,-0.20267003124221006,-0.4642791953343324,0.012199853240498326
all,2,"Region-stratified Cox model, with adjustment for baseline confounders",heart_failure,0.19263834286104203,0.11066833378502143,0.2746083519370626,0.04182220169482174,4.606126293080686,4.102392936292944e-6,1.2124442251086025,1.117024366166376,1.3160151591359703,-0.2124442251086025,-0.31601515913597034,-0.1170243661663759
all,2,"Region-stratified Cox model, with adjustment for baseline confounders",other_heart_disease,-0.12707358319095688,-0.21779319801662234,-0.036353968365291436,0.046286368291075866,-2.7453781292981025,0.0060441211767227054,0.8806688677874457,0.8042917535990067,0.9642989017598442,0.11933113221255431,0.03570109824015577,0.19570824640099327
all,2,"Region-stratified Cox model, with adjustment for baseline confounders",dialysis,0.6890176189791479,0.37222603378970787,1.005809204168588,0.16163132980414527,4.262896431119241,2.0179406160022405e-5,1.991757906667281,1.4509609104235315,2.734118838262599,-0.991757906667281,-1.734118838262599,-0.4509609104235315
all,2,"Region-stratified Cox model, with adjustment for baseline confounders",diabetes,0.01802229248994811,-0.08523478955457395,0.12127937453447016,0.052683152781888225,0.34208834396380194,0.732284409050033,1.018185674030703,0.9182966526263668,1.128940265475591,-0.018185674030702925,-0.1289402654755909,0.08170334737363316
all,2,"Region-stratified Cox model, with adjustment for baseline confounders",chronic_liver_disease,0.17677396139954185,-0.06310859211475858,0.41665651491384226,0.12239130688444455,1.4443342905590717,0.14864496452514536,1.1933613169164523,0.938841517367613,1.5168813973050403,-0.1933613169164523,-0.5168813973050403,0.06115848263238699
all,2,"Region-stratified Cox model, with adjustment for baseline confounders",current_copd,-0.007090736794081346,-0.11257980157181267,0.09839832798364999,0.05382194040799507,-0.13174435444598057,0.8951865014815377,0.9929343431665827,0.893526039480917,1.103402213563256,0.007065656833417311,-0.10340221356325596,0.10647396051908298
all,2,"Region-stratified Cox model, with adjustment for baseline confounders",other_resp_conditions,0.006420384988324006,-0.0981310615733759,0.11097183155002391,0.053343554976718145,0.12035915100008221,0.9041986488873233,1.0064410398403965,0.906530084708571,1.1173634320152217,-0.006441039840396456,-0.1173634320152217,0.093469915291429
all,2,"Region-stratified Cox model, with adjustment for baseline confounders",lung_cancer,0.18043286813124965,-0.08155586925939257,0.44242160552189186,0.13367017937940492,1.3498363581836386,0.1770684795110422,1.1977357125448636,0.9216812147685394,1.5564718192348252,-0.19773571254486355,-0.5564718192348252,0.07831878523146063
all,2,"Region-stratified Cox model, with adjustment for baseline confounders",haematological_cancer,0.10993251024807726,-0.05297184173706579,0.27283686223322035,0.08311599257441048,1.3226396851323048,0.18595523020483876,1.116202735671011,0.9484067175920342,1.3136859155561018,-0.11620273567101091,-0.3136859155561018,0.05159328240796579
all,2,"Region-stratified Cox model, with adjustment for baseline confounders",cancer_excl_lung_and_haem,-0.07602344657901094,-0.18029028170511863,0.028243388547096723,0.05319834239228434,-1.4290566803456843,0.15298794304930183,0.9267944761447194,0.8350277829380464,1.0286460146154122,0.07320552385528056,-0.028646014615412163,0.16497221706195364
all,2,"Region-stratified Cox model, with adjustment for baseline confounders",any_immunosuppression,-0.08679340520778725,-0.2125929511722512,0.03900614075667669,0.06418462122608107,-1.3522461229781197,0.1762965933678465,0.9168664959111327,0.8084851631850548,1.039776868647302,0.08313350408886733,-0.0397768686473019,0.1915148368149452
all,2,"Region-stratified Cox model, with adjustment for baseline confounders",dementia,0.49164116742789654,0.3815139594266287,0.6017683754291644,0.056188383495787295,8.749872070349864,2.1359474938459565e-18,1.634997323635832,1.4645001056504654,1.8253438412071745,-0.634997323635832,-0.8253438412071745,-0.4645001056504654
all,2,"Region-stratified Cox model, with adjustment for baseline confounders",other_neuro_conditions,0.2901829477985134,0.1477400523505954,0.4326258432464314,0.07267628210083932,3.9928149791135525,6.529351504466748e-5,1.3366720068586884,1.159211522883471,1.5412994252121832,-0.33667200685868837,-0.5412994252121832,-0.15921152288347096
all,2,"Region-stratified Cox model, with adjustment for baseline confounders",LD_incl_DS_and_CP,0.12173619870431678,-0.655673757217943,0.8991461546265764,0.39664502105873906,0.30691472788281615,0.7589082785247739,1.1294561104914378,0.5190922026216503,2.4575038867540893,-0.1294561104914378,-1.4575038867540893,0.48090779737834966
all,2,"Region-stratified Cox model, with adjustment for baseline confounders",psychosis_schiz_bipolar,0.18944960434887204,-0.11842043493469329,0.49731964363243736,0.1570794370263969,1.2060751422035934,0.22778851849232812,1.2085842150662123,0.8883224922821839,1.6443080273185462,-0.20858421506621228,-0.6443080273185462,0.11167750771781615
all,2,"Region-stratified Cox model, with adjustment for baseline confounders",multimorb1,0.14104628775350964,0.03546222080564773,0.24663035470137154,0.05387041179363273,2.6182515235604855,0.008838163251724842,1.15147794607855,1.036098504421894,1.2797059880373844,-0.15147794607855003,-0.27970598803738445,-0.036098504421893995
all,2,"Region-stratified Cox model, with adjustment for baseline confounders",multimorb2,0.3020286443763619,0.1141592744781213,0.4898980142746025,0.09585348066603788,3.1509408138099517,0.0016274546557735754,1.3525999705372065,1.1209306463105233,1.6321497554902527,-0.3525999705372065,-0.6321497554902527,-0.1209306463105233
all,2,"Region-stratified Cox model, with adjustment for baseline confounders",multimorb3,0.31967878877797357,0.041547424382291975,0.5978101531736552,0.14190636490749137,2.252744540291564,0.024275260843314665,1.3766854864799962,1.0424225969269967,1.8181330050516868,-0.3766854864799962,-0.8181330050516868,-0.04242259692699668
all,2,"Region-stratified Cox model, with adjustment for baseline confounders",multimorb4+,0.4951158618154277,0.11039382996627539,0.8798378936645801,0.19629035782483287,2.5223646607097385,0.011656879669412546,1.640688321172644,1.116717780793584,2.4105089159763966,-0.640688321172644,-1.4105089159763966,-0.11671778079358397
all,2,"Region-stratified Cox model, with adjustment for baseline confounders",shielded,0.28424319074331866,0.21980757561809974,0.3486788058685376,0.032875917942104475,8.645939293432958,5.3364481604838635e-18,1.3287560326307741,1.245836978110548,1.4171939228601116,-0.32875603263077413,-0.4171939228601116,-0.24583697811054805
all,2,"Region-stratified Cox model, with adjustment for baseline confounders",flu_vaccine,-0.09327833610217409,-0.16738516692158328,-0.019171505282764886,0.037810302334101265,-2.467008469753652,0.01362471348145366,0.9109399175411966,0.8458737459981479,0.9810110992282519,0.08906008245880337,0.018988900771748085,0.1541262540018521
all,2,"Region-stratified Cox model, with adjustment for baseline confounders",efi_catMild,0.3193002105565972,0.1868265802264575,0.4517738408867369,0.06758982888209926,4.724086683420526,2.311518123564162e-6,1.3761644019789754,1.2054182235673963,1.5710965905836622,-0.3761644019789754,-0.5710965905836622,-0.20541822356739625
all,2,"Region-stratified Cox model, with adjustment for baseline confounders",efi_catModerate,0.6863557518546929,0.553337527233364,0.8193739764760217,0.06786768821802834,10.113144706649514,4.830826802181606e-24,1.9864631618555653,1.7390474611943074,2.2690788960407278,-0.9864631618555653,-1.2690788960407278,-0.7390474611943074
all,2,"Region-stratified Cox model, with adjustment for baseline confounders",efi_catSevere,1.0283808392615166,0.8887534521696847,1.1680082263533484,0.07123977184948033,14.435487545276555,3.094497395647246e-47,2.796534128643946,2.432096036872081,3.215581545344086,-1.796534128643946,-2.215581545344086,-1.432096036872081
all,2,"Region-stratified Cox model, with adjustment for baseline confounders","ns(tstop, df = 4)1",1.1371020806163998,0.972203804894055,1.3020003563387448,0.08413331929721232,13.515478648826788,1.2672876128551606e-41,3.1177203590608693,2.643764384898625,3.6766439145731047,-2.1177203590608693,-2.6766439145731047,-1.643764384898625
all,2,"Region-stratified Cox model, with adjustment for baseline confounders","ns(tstop, df = 4)2",1.1238124169757375,0.9179774225983549,1.3296474113531203,0.10501978403735114,10.700959131434173,1.0073011427775467e-26,3.076561006914829,2.5042202849677206,3.7797104695966453,-2.076561006914829,-2.7797104695966453,-1.5042202849677206
all,2,"Region-stratified Cox model, with adjustment for baseline confounders","ns(tstop, df = 4)3",1.5828386935354721,1.2070605541705353,1.958616832900409,0.19172706352209887,8.25568735293873,1.5103050584524564e-16,4.868757122492529,3.343641739514925,7.089514297444042,-3.8687571224925286,-6.089514297444042,-2.343641739514925
all,2,"Region-stratified Cox model, with adjustment for baseline confounders","ns(tstop, df = 4)4",-0.23845246083685595,-0.5022984941466114,0.025393572472899528,0.13461779675082777,-1.7713293976889404,0.0765059415994238,0.7878461409131253,0.605138153488306,1.0257187357526267,0.21215385908687467,-0.02571873575262673,0.394861846511694
all,2,"Region-stratified Cox model, with adjustment for baseline confounders",regionEast Midlands,0.36350755958766384,0.1305323967126275,0.5964827224627002,0.11886706322805662,3.058101628120849,0.002227440210035731,1.4383657303159987,1.13943485323912,1.815721160596534,-0.4383657303159987,-0.815721160596534,-0.13943485323912008
all,2,"Region-stratified Cox model, with adjustment for baseline confounders",regionLondon,1.4998736366780947,1.1116255204890484,1.888121752867141,0.19808941350529807,7.5717001233787755,3.68371034643471e-14,4.481122784998992,3.0392948172181686,6.606947539434999,-3.481122784998992,-5.606947539434999,-2.0392948172181686
all,2,"Region-stratified Cox model, with adjustment for baseline confounders",regionNorth East,1.2093341078331314,0.893069843667871,1.5255983719983919,0.16136228352148949,7.494527726313924,6.653750230831862e-14,3.351252336710479,2.442616604638781,4.59789399735465,-2.351252336710479,-3.5978939973546504,-1.442616604638781
all,2,"Region-stratified Cox model, with adjustment for baseline confounders",regionNorth West,1.0422784126737832,0.7458621680217006,1.3386946573258658,0.15123555687256307,6.891755049059311,5.5108207914025894e-12,2.8356704872994656,2.108258324545047,3.814061597160493,-1.8356704872994656,-2.814061597160493,-1.108258324545047
all,2,"Region-stratified Cox model, with adjustment for baseline confounders",regionSouth East,1.1496562372300732,0.8077428099036771,1.491569664556469,0.17444883172515702,6.590220329141263,4.391743402638196e-11,3.1571074271321042,2.2428397531665905,4.444065739596491,-2.1571074271321042,-3.444065739596491,-1.2428397531665905
all,2,"Region-stratified Cox model, with adjustment for baseline confounders",regionSouth West,2.752548872249635,2.449957537663062,3.0551402068362083,0.15438617085486006,17.828985957798857,4.209875202227998e-71,15.682553810840975,11.58785466138748,21.22416109078768,-14.682553810840975,-20.22416109078768,-10.58785466138748
all,2,"Region-stratified Cox model, with adjustment for baseline confounders",regionWest Midlands,3.4796120725196427,3.04702023931843,3.9122039057208555,0.22071417465496418,15.76524062380323,5.396640193150936e-56,32.44713249974496,21.05251939770706,50.00904583280771,-31.44713249974496,-49.00904583280771,-20.05251939770706
all,2,"Region-stratified Cox model, with adjustment for baseline confounders",regionYorkshire and The Humber,-0.9639895271848445,-1.2311549020347854,-0.6968241523349037,0.13631136947275937,-7.071967150748121,1.5275258630370471e-12,0.38136836747369407,0.29195520324285473,0.49816489000392594,0.6186316325263059,0.5018351099960741,0.7080447967571453
all,2,"Region-stratified Cox model, with adjustment for baseline confounders","ns(tstop, df = 4)1:regionEast Midlands",-0.05222434532781984,-0.31183437717787243,0.20738568652223277,0.1324565318025349,-0.3942753491815373,0.6933777608417366,0.9491159132355155,0.7321027711147804,1.2304570509755033,0.050884086764484526,-0.23045705097550329,0.2678972288852196
all,2,"Region-stratified Cox model, with adjustment for baseline confounders","ns(tstop, df = 4)2:regionEast Midlands",-0.31014652411357074,-0.618013042465053,-0.002280005762088533,0.1570776405994672,-1.9744791361134233,0.04832728752085654,0.733339496432095,0.5390143729543898,0.9977225914767676,0.26666050356790505,0.002277408523232438,0.4609856270456102
all,2,"Region-stratified Cox model, with adjustment for baseline confounders","ns(tstop, df = 4)3:regionEast Midlands",-0.6251024896313309,-1.2053605691792098,-0.04484441008345208,0.29605548067458415,-2.1114369786601785,0.03473476945021001,0.535206572583646,0.2995839592941232,0.9561462369736182,0.464793427416354,0.043853763026381776,0.7004160407058768
all,2,"Region-stratified Cox model, with adjustment for baseline confounders","ns(tstop, df = 4)4:regionEast Midlands",0.5178645716007503,0.15010500558929574,0.8856241376122048,0.18763587949181473,2.7599442761337185,0.0057811221455555655,1.6784396324278477,1.161956248223122,2.4244971392103305,-0.6784396324278477,-1.4244971392103305,-0.16195624822312205
all,2,"Region-stratified Cox model, with adjustment for baseline confounders","ns(tstop, df = 4)1:regionLondon",0.8703201349234068,0.4525101711254947,1.288130098721319,0.21317226596689728,4.0827080904537345,4.451392271683613e-5,2.3876751093735153,1.5722538625261935,3.62599995064528,-1.3876751093735153,-2.62599995064528,-0.5722538625261935
all,2,"Region-stratified Cox model, with adjustment for baseline confounders","ns(tstop, df = 4)2:regionLondon",-0.12741806964171531,-0.6437193080335902,0.3888831687501596,0.2634238396543984,-0.48369984208294414,0.6285989052986067,0.8803655415437783,0.5253349036614668,1.4753321763617653,0.11963445845622167,-0.4753321763617653,0.47466509633853315
all,2,"Region-stratified Cox model, with adjustment for baseline confounders","ns(tstop, df = 4)3:regionLondon",-0.39924702593110084,-1.3606618832714494,0.5621678314092478,0.4905267979023424,-0.8139148108491023,0.41569375531280717,0.6708249697215322,0.25649095368664265,1.7544717797403147,0.32917503027846784,-0.7544717797403147,0.7435090463133573
all,2,"Region-stratified Cox model, with adjustment for baseline confounders","ns(tstop, df = 4)4:regionLondon",-0.09510278938902872,-0.7850251899738304,0.594819611195773,0.35200769301212764,-0.27017247428666896,0.7870275678578302,0.9092794653837956,0.45610821228699844,1.812703923972318,0.09072053461620444,-0.8127039239723179,0.5438917877130016
all,2,"Region-stratified Cox model, with adjustment for baseline confounders","ns(tstop, df = 4)1:regionNorth East",-1.2061903998669752,-1.6245317219357547,-0.7878490777981957,0.2134433721071421,-5.651102622486231,1.594218734575521e-8,0.29933545845221116,0.19700390621548028,0.4548220307306508,0.7006645415477888,0.5451779692693492,0.8029960937845197
all,2,"Region-stratified Cox model, with adjustment for baseline confounders","ns(tstop, df = 4)2:regionNorth East",-0.43987071521357207,-0.9212637858012972,0.04152235537415305,0.24561322268413724,-1.7909081213402473,0.07330804022440925,0.6441196905769163,0.39801571649307166,1.0423964647539854,0.3558803094230837,-0.0423964647539854,0.6019842835069283
all,2,"Region-stratified Cox model, with adjustment for baseline confounders","ns(tstop, df = 4)3:regionNorth East",-1.092438978310642,-1.9190077376884838,-0.2658702189328003,0.42172650410809126,-2.5903967800673082,0.009586536600435626,0.3353974681696685,0.14675250689082645,0.7665386032438243,0.6646025318303315,0.23346139675617572,0.8532474931091736
all,2,"Region-stratified Cox model, with adjustment for baseline confounders","ns(tstop, df = 4)4:regionNorth East",0.48444271797064703,-0.07445792181595962,1.0433433577572537,0.2851586275029254,1.6988534494390395,0.08934679983050872,1.623270137456976,0.9282465321656458,2.8386919291925485,-0.623270137456976,-1.8386919291925485,0.07175346783435421
all,2,"Region-stratified Cox model, with adjustment for baseline confounders","ns(tstop, df = 4)1:regionNorth West",-0.0840936199434583,-0.4284410138162643,0.2602537739293477,0.17569067421083978,-0.4786458946736166,0.6321905627013076,0.9193451830220563,0.6515240203363293,1.2972592554754188,0.08065481697794374,-0.29725925547541876,0.3484759796636707
all,2,"Region-stratified Cox model, with adjustment for baseline confounders","ns(tstop, df = 4)2:regionNorth West",-0.21544723179271313,-0.6233275161146732,0.19243305252924697,0.20810600987531805,-1.0352763570922023,0.3005398680316162,0.8061808098518234,0.5361573936674119,1.2121953475782965,0.1938191901481766,-0.2121953475782965,0.4638426063325881
all,2,"Region-stratified Cox model, with adjustment for baseline confounders","ns(tstop, df = 4)3:regionNorth West",-0.9351310824325627,-1.696129032740556,-0.1741331321245695,0.38827139493921736,-2.408447015724541,0.016020551547925425,0.39253440779395116,0.1833920564613171,0.840185034593626,0.6074655922060488,0.15981496540637397,0.8166079435386829
all,2,"Region-stratified Cox model, with adjustment for baseline confounders","ns(tstop, df = 4)4:regionNorth West",0.2919964932610608,-0.19986241106601488,0.7838553975881365,0.25095303189588997,1.1635503705816874,0.24460627392260278,1.3390983217628318,0.8188434091194533,2.189898942065542,-0.33909832176283183,-1.189898942065542,0.1811565908805467
all,2,"Region-stratified Cox model, with adjustment for baseline confounders","ns(tstop, df = 4)1:regionSouth East",0.4178149839124082,0.050787094884188866,0.7848428729406275,0.18726256804884608,2.2311719222147173,0.02566974308304852,1.5186396756371474,1.052098872204202,2.192062481340325,-0.5186396756371474,-1.1920624813403249,-0.05209887220420195
all,2,"Region-stratified Cox model, with adjustment for baseline confounders","ns(tstop, df = 4)2:regionSouth East",0.2244461346227354,-0.21446366934263125,0.663355938588102,0.22393768835929198,1.0022704809858878,0.3162129753829065,1.2516292900482968,0.8069741290999275,1.941296285983927,-0.2516292900482968,-0.9412962859839269,0.1930258709000725
all,2,"Region-stratified Cox model, with adjustment for baseline confounders","ns(tstop, df = 4)3:regionSouth East",0.0030076200852871145,-0.836401031766397,0.8424162719369712,0.4282775900337112,0.007022595053480091,0.9943968258852369,1.0030121475123648,0.4332670351270223,2.3219707166561236,-0.0030121475123647823,-1.3219707166561236,0.5667329648729778
all,2,"Region-stratified Cox model, with adjustment for baseline confounders","ns(tstop, df = 4)4:regionSouth East",0.0919754573285182,-0.45411091312283636,0.6380618277798727,0.2786206148474229,0.3301100221133509,0.7413168307702924,1.0963379146893555,0.6350122981428852,1.8928087325246572,-0.09633791468935549,-0.8928087325246572,0.3649877018571148
all,2,"Region-stratified Cox model, with adjustment for baseline confounders","ns(tstop, df = 4)1:regionSouth West",0.4789590000467712,0.15344138972162097,0.8044766103719214,0.16608346525384737,2.8838451757657797,0.003928518449026729,1.6143929441665068,1.1658394549446482,2.2355261413745358,-0.6143929441665068,-1.2355261413745358,-0.16583945494464825
all,2,"Region-stratified Cox model, with adjustment for baseline confounders","ns(tstop, df = 4)2:regionSouth West",-0.009760585832945094,-0.4146108190599045,0.3950896473940143,0.2065600370314794,-0.04725302131630426,0.9623115697848901,0.9902868940821267,0.6605973225708638,1.4845172680602665,0.009713105917873333,-0.4845172680602665,0.3394026774291362
all,2,"Region-stratified Cox model, with adjustment for baseline confounders","ns(tstop, df = 4)3:regionSouth West",-0.2614482551083311,-1.0041972707126172,0.481300760495955,0.3789605428788466,-0.6899089100996878,0.49025147224534416,0.7699357146337401,0.3663385875193041,1.6181778957078352,0.2300642853662599,-0.6181778957078352,0.6336614124806959
all,2,"Region-stratified Cox model, with adjustment for baseline confounders","ns(tstop, df = 4)4:regionSouth West",0.29573698500667145,-0.22421280504001928,0.8156867750533622,0.26528537980697015,1.1147881018616963,0.2649412363160775,1.3441165875217762,0.7991450541778105,2.2607277507459913,-0.3441165875217762,-1.2607277507459913,0.20085494582218955
all,2,"Region-stratified Cox model, with adjustment for baseline confounders","ns(tstop, df = 4)1:regionWest Midlands",0.8429356383832362,0.3930793369725984,1.2927919397938739,0.22952273866206063,3.6725582976958906,2.4013434576348238e-4,2.3231769835557263,1.4815359252418354,3.6429432489408518,-1.3231769835557263,-2.6429432489408518,-0.4815359252418354
all,2,"Region-stratified Cox model, with adjustment for baseline confounders","ns(tstop, df = 4)2:regionWest Midlands",0.839541995937271,0.3248228586200612,1.3542611332544807,0.2626166303958893,3.1968348488505023,0.0013894445376892357,2.3153063142073798,1.383785498595759,3.873897604829974,-1.3153063142073798,-2.873897604829974,-0.38378549859575894
all,2,"Region-stratified Cox model, with adjustment for baseline confounders","ns(tstop, df = 4)3:regionWest Midlands",1.1134956914571523,0.06269660731181492,2.1642947756024897,0.5361318332550531,2.0769065039408523,0.03781018935897277,3.0449841364904864,1.0647037668869335,8.708458333521936,-2.0449841364904864,-7.708458333521936,-0.06470376688693347
all,2,"Region-stratified Cox model, with adjustment for baseline confounders","ns(tstop, df = 4)4:regionWest Midlands",1.9256647770325284,1.2836060480062585,2.5677235060587984,0.3275870036851429,5.8783308109602626,4.14424083294488e-9,6.85970732636534,3.609632793815123,13.036114001406764,-5.85970732636534,-12.036114001406764,-2.609632793815123
all,2,"Region-stratified Cox model, with adjustment for baseline confounders","ns(tstop, df = 4)1:regionYorkshire and The Humber",0.1297600935513171,-0.1772317510972177,0.4367519381998519,0.1566313703058053,0.8284425610142782,0.40741991149782536,1.1385552038215916,0.8375856506349435,1.547672111104747,-0.1385552038215916,-0.5476721111047469,0.1624143493650565
all,2,"Region-stratified Cox model, with adjustment for baseline confounders","ns(tstop, df = 4)2:regionYorkshire and The Humber",-0.5212438848659031,-0.8841728778013026,-0.15831489193050363,0.18517125610375354,-2.8149287088804122,0.004878805559236572,0.5937814926032907,0.41305567954772415,0.8535809538903951,0.4062185073967093,0.14641904610960488,0.5869443204522758
all,2,"Region-stratified Cox model, with adjustment for baseline confounders","ns(tstop, df = 4)3:regionYorkshire and The Humber",-0.44912119045610954,-1.118501243149048,0.2202588622368289,0.3415267106808712,-1.3150397213756337,0.18849655323554657,0.638188751621107,0.3267691753403025,1.2463993345503113,0.361811248378893,-0.24639933455031127,0.6732308246596975
all,2,"Region-stratified Cox model, with adjustment for baseline confounders","ns(tstop, df = 4)4:regionYorkshire and The Humber",0.6992521560352942,0.28221883417091737,1.1162854778996711,0.21277601280119565,3.286329820874268,0.0010150208547537302,2.0122472976377748,1.3260688774208231,3.0534908523952544,-1.0122472976377748,-2.0534908523952544,-0.32606887742082313
all,3,"Region-stratified marginal structural Cox model, with adjustment for baseline and time-varying confounders",(Intercept),-21.961262214359838,-32.17803024070244,-11.744494188017237,5.212732533317534,-4.21300384663762,2.5199676998389373e-5,2.8996461594942507e-10,1.0598856884398214e-14,7.932881764491465e-6,0.9999999997100354,0.9999920671182355,0.9999999999999895
all,3,"Region-stratified marginal structural Cox model, with adjustment for baseline and time-varying confounders",timesincevax_pw1-3,-0.8017383482049011,-0.9715246639350228,-0.6319520324747794,0.08662726308716615,-9.255034958199884,2.1416031761707057e-20,0.44854855242919106,0.3785055042512195,0.5315531785577053,0.551451447570809,0.46844682144229466,0.6214944957487805
all,3,"Region-stratified marginal structural Cox model, with adjustment for baseline and time-varying confounders",timesincevax_pw4-7,-0.7566456494298158,-0.8785315021024621,-0.6347597967571695,0.06218780224231994,-12.167107087680685,4.652820729533828e-34,0.46923777811388195,0.4153924669711095,0.5300627958295798,0.5307622218861181,0.4699372041704202,0.5846075330288905
all,3,"Region-stratified marginal structural Cox model, with adjustment for baseline and time-varying confounders",timesincevax_pw8-14,-0.6426239407148421,-0.7380571928834956,-0.5471906885461886,0.04869132949453094,-13.197913209312189,9.019926905238332e-40,0.5259106536176114,0.47804175684801375,0.578572920935102,0.47408934638238864,0.42142707906489796,0.5219582431519862
all,3,"Region-stratified marginal structural Cox model, with adjustment for baseline and time-varying confounders",timesincevax_pw15-21,-0.7894350253644367,-0.9464411217121013,-0.6324289290167721,0.08010662317578726,-9.854803436565884,6.534442720563593e-23,0.45410127852661414,0.38811983975030623,0.5312997431210108,0.5458987214733859,0.4687002568789892,0.6118801602496937
all,3,"Region-stratified marginal structural Cox model, with adjustment for baseline and time-varying confounders",timesincevax_pw22-28,-1.1930049125361075,-1.3117568163239974,-1.0742530087482176,0.06058881934800327,-19.6901825348974,2.617447182711454e-86,0.3033084778847135,0.2693464482481532,0.34155279698355,0.6966915221152865,0.65844720301645,0.7306535517518469
all,3,"Region-stratified marginal structural Cox model, with adjustment for baseline and time-varying confounders",timesincevax_pw29+,-1.7293710996846052,-1.854476197939358,-1.6042660014298524,0.06383030465945597,-27.093260934771557,1.1821937832873375e-161,0.1773959392579487,0.15653491451535662,0.201037061684552,0.8226040607420513,0.798962938315448,0.8434650854846434
all,3,"Region-stratified marginal structural Cox model, with adjustment for baseline and time-varying confounders","poly(age, degree = 2, raw = TRUE)1",0.2138879545465522,-0.022646072484174246,0.45042198157727864,0.12068284361165652,1.772314507560155,0.07634236434264,1.238483880531103,0.9776084250719297,1.5689741239929715,-0.23848388053110292,-0.5689741239929715,0.022391574928070312
all,3,"Region-stratified marginal structural Cox model, with adjustment for baseline and time-varying confounders","poly(age, degree = 2, raw = TRUE)2",-8.719626396240618e-4,-0.002238506640311053,4.945813610629291e-4,6.972291386301565e-4,-1.2506113002351045,0.21107632578541283,0.9991284174093276,0.9977639969472307,1.00049470368659,8.715825906724373e-4,-4.947036865901033e-4,0.0022360030527692754
all,3,"Region-stratified marginal structural Cox model, with adjustment for baseline and time-varying confounders",sexMale,0.3133796242848786,0.261308414324869,0.36545083424488817,0.02656743203994597,11.795630974559026,4.111076793282193e-32,1.3680407739632559,1.2986281191923146,1.4411635876096622,-0.36804077396325585,-0.44116358760966223,-0.2986281191923146
all,3,"Region-stratified marginal structural Cox model, with adjustment for baseline and time-varying confounders",imd2,-0.051126782096390225,-0.13688296276759274,0.03462939857481229,0.04375395739290944,-1.168506465307195,0.24260253287608943,0.9501581998473463,0.8720722850863497,1.035235977769615,0.049841800152653715,-0.03523597776961496,0.1279277149136503
all,3,"Region-stratified marginal structural Cox model, with adjustment for baseline and time-varying confounders",imd3,-0.023419165168159135,-0.10242206134438205,0.05558373100806378,0.04030834076513023,-0.5810004759218095,0.5612401327921117,0.9768529352201711,0.9026484982219044,1.0571575302324117,0.023147064779828863,-0.05715753023241166,0.0973515017780956
all,3,"Region-stratified marginal structural Cox model, with adjustment for baseline and time-varying confounders",imd4,-0.015490491800023062,-0.09771501924927488,0.06673403564922877,0.04195206039387888,-0.36924269403185833,0.7119468355382608,0.9846288687554122,0.9069073180589592,1.0690111215130085,0.015371131244587777,-0.06901112151300848,0.09309268194104081
all,3,"Region-stratified marginal structural Cox model, with adjustment for baseline and time-varying confounders",imd5 least deprived,-0.13693971152916637,-0.21844281864352588,-0.05543660441480684,0.04158398203091774,-3.29308798342957,9.909346001482837e-4,0.8720227974683622,0.8037694387574362,0.9460719985573265,0.1279772025316378,0.05392800144267351,0.19623056124256377
all,3,"Region-stratified marginal structural Cox model, with adjustment for baseline and time-varying confounders",ethnicity_combinedBlack,0.1679927813049274,-0.027735235096204902,0.3637207977060597,0.0998630678650271,1.6822313283223287,0.0925239914157431,1.1829280714199495,0.9726458551990758,1.4386724774218218,-0.1829280714199495,-0.4386724774218218,0.02735414480092424
all,3,"Region-stratified marginal structural Cox model, with adjustment for baseline and time-varying confounders",ethnicity_combinedSouth Asian,0.13001556582493823,-0.03844189987468763,0.29847303152456406,0.08594926591937245,1.5127012945858505,0.13035555060434387,1.1388461102658383,0.9622876121465403,1.3477991886173453,-0.13884611026583826,-0.34779918861734527,0.03771238785345965
all,3,"Region-stratified marginal structural Cox model, with adjustment for baseline and time-varying confounders",ethnicity_combinedMixed,0.4668892998391616,0.14976588608842017,0.7840127135899031,0.16180063320151317,2.8855838855567297,0.003906883300784721,1.5950248241389302,1.1615622730063004,2.1902434753109663,-0.5950248241389302,-1.1902434753109663,-0.16156227300630044
all,3,"Region-stratified marginal structural Cox model, with adjustment for baseline and time-varying confounders",ethnicity_combinedOther,0.35150203743161257,0.042764662190700964,0.6602394126725242,0.1575219635035096,2.231447790604648,0.025651482209267235,1.4212006427618318,1.0436922456997944,1.9352556036596427,-0.4212006427618318,-0.9352556036596427,-0.04369224569979435
all,3,"Region-stratified marginal structural Cox model, with adjustment for baseline and time-varying confounders",bmiObese I (30-34.9),0.02881571248021325,-0.043491691414993566,0.10112311637542007,0.03689221050262067,0.7810785010609842,0.43475632565947353,1.029234901849336,0.9574405090337776,1.106412850918386,-0.02923490184933608,-0.10641285091838593,0.04255949096622236
all,3,"Region-stratified marginal structural Cox model, with adjustment for baseline and time-varying confounders",bmiObese II (35-39.9),0.0033509311698338437,-0.156069909182737,0.16277177152240468,0.08133865806211855,0.04119727629726481,0.9671386250310046,1.0033565518160656,0.8554993810178724,1.1767680870492572,-0.003356551816065645,-0.17676808704925717,0.14450061898212763
all,3,"Region-stratified marginal structural Cox model, with adjustment for baseline and time-varying confounders",bmiObese III (40+),0.17394344676703702,-0.026904059558686688,0.3747909530927607,0.10247510051714381,1.6974215774293067,0.08961698600751897,1.1899882662337324,0.9734546307112342,1.4546872849527062,-0.18998826623373244,-0.45468728495270616,0.02654536928876583
all,3,"Region-stratified marginal structural Cox model, with adjustment for baseline and time-varying confounders",heart_failure,0.19436690804818763,0.11062630513055487,0.27810751096582037,0.04272558249956018,4.549192700888009,5.385211224269762e-6,1.214541826385461,1.1169774201218061,1.3206281715872743,-0.21454182638546104,-0.3206281715872743,-0.11697742012180612
all,3,"Region-stratified marginal structural Cox model, with adjustment for baseline and time-varying confounders",other_heart_disease,-0.13781264738882193,-0.23234653477570227,-0.04327876000194157,0.04823246148018618,-2.8572592639800303,0.004273166430421426,0.8712619096494635,0.7926713875052036,0.9576443999008942,0.12873809035053652,0.04235560009910577,0.2073286124947964
all,3,"Region-stratified marginal structural Cox model, with adjustment for baseline and time-varying confounders",dialysis,0.7106380972455143,0.3871609518585008,1.0341152426325277,0.1650423925840271,4.305791294704548,1.6638987656201363e-5,2.035289557042556,1.4727935210518333,2.812616651143387,-1.0352895570425562,-1.812616651143387,-0.47279352105183325
all,3,"Region-stratified marginal structural Cox model, with adjustment for baseline and time-varying confounders",diabetes,0.012153532360899562,-0.09375596335983047,0.11806302808162958,0.05403644993282052,0.22491359769209746,0.822046490863404,1.012227686642977,0.9105049316953094,1.1253150355801318,-0.01222768664297691,-0.1253150355801318,0.08949506830469056
all,3,"Region-stratified marginal structural Cox model, with adjustment for baseline and time-varying confounders",chronic_liver_disease,0.2518111698062052,-0.026837546697089543,0.5304598863095,0.14217032491476392,1.7711936014577925,0.07652851292815904,1.2863531120423166,0.973519380117668,1.6997138040137947,-0.2863531120423166,-0.6997138040137947,0.02648061988233197
all,3,"Region-stratified marginal structural Cox model, with adjustment for baseline and time-varying confounders",current_copd,-0.014036745033537636,-0.12187296085276193,0.09379947078568666,0.055019488454799495,-0.2551231468658479,0.7986279869484233,0.9860613107412316,0.8852608241395237,1.098339474680596,0.0139386892587684,-0.0983394746805959,0.11473917586047633
all,3,"Region-stratified marginal structural Cox model, with adjustment for baseline and time-varying confounders",other_resp_conditions,-0.013184180538551367,-0.11934046520672648,0.09297210412962373,0.05416236497482727,-0.24341958746961848,0.807680371460134,0.9869023500738426,0.8875055845455029,1.0974311210447791,0.013097649926157362,-0.09743112104477913,0.11249441545449712
all,3,"Region-stratified marginal structural Cox model, with adjustment for baseline and time-varying confounders",lung_cancer,0.17021152916213036,-0.10046834626539816,0.4408914045896589,0.13810451496181406,1.2324834507343507,0.21776854486539732,1.185555604382292,0.9044137400321798,1.5540919259278958,-0.1855556043822919,-0.5540919259278958,0.09558625996782022
all,3,"Region-stratified marginal structural Cox model, with adjustment for baseline and time-varying confounders",haematological_cancer,0.09292715709769749,-0.07040592676658104,0.256260240961976,0.08333473734855798,1.1151070976442634,0.2648045303405899,1.097381795881663,0.9320154131053742,1.292088938658261,-0.09738179588166296,-0.292088938658261,0.06798458689462583
all,3,"Region-stratified marginal structural Cox model, with adjustment for baseline and time-varying confounders",cancer_excl_lung_and_haem,-0.06704621361671123,-0.17564323907403007,0.04155081184060762,0.05540766377031331,-1.2100530694570397,0.22625852971329563,0.9351519835828238,0.8389172228406516,1.0424261280960718,0.06484801641717619,-0.042426128096071825,0.16108277715934838
all,3,"Region-stratified marginal structural Cox model, with adjustment for baseline and time-varying confounders",any_immunosuppression,-0.09349018593972534,-0.22351470685399139,0.036534334974540686,0.06634026030063965,-1.4092526245156127,0.15876048200175807,0.910746955507856,0.7997031306639321,1.0372099159824368,0.089253044492144,-0.037209915982436836,0.20029686933606794
all,3,"Region-stratified marginal structural Cox model, with adjustment for baseline and time-varying confounders",dementia,0.5172652592252825,0.40285354748558205,0.631676970964983,0.05837439495937961,8.86116694802964,7.918118676896196e-19,1.6774340241514998,1.496087769802823,1.8807619193036629,-0.6774340241514998,-0.8807619193036629,-0.496087769802823
all,3,"Region-stratified marginal structural Cox model, with adjustment for baseline and time-varying confounders",other_neuro_conditions,0.3161320648989566,0.16475369544322177,0.4675104343546915,0.07723528118362795,4.0931043436916905,4.2563606476543504e-5,1.3718114117990803,1.1791026645835752,1.5960158568607823,-0.3718114117990803,-0.5960158568607823,-0.17910266458357516
all,3,"Region-stratified marginal structural Cox model, with adjustment for baseline and time-varying confounders",LD_incl_DS_and_CP,0.12252052915805582,-0.6607854537673564,0.905826512083468,0.3996532533781386,0.3065670756397696,0.759172917444807,1.1303423248120665,0.5164455310546417,2.473975849209866,-0.13034232481206653,-1.4739758492098658,0.48355446894535825
all,3,"Region-stratified marginal structural Cox model, with adjustment for baseline and time-varying confounders",psychosis_schiz_bipolar,0.17084109859005953,-0.13357386175278657,0.4752560589329056,0.155316609256105,1.0999538259836452,0.2713522406236537,1.1863022289472605,0.8749628403018446,1.6084259966054597,-0.18630222894726045,-0.6084259966054597,0.12503715969815543
all,3,"Region-stratified marginal structural Cox model, with adjustment for baseline and time-varying confounders",multimorb1,0.14378549490560116,0.027947264935929764,0.2596237248752726,0.05910222375685911,2.4328271554911525,0.01498145056613934,1.1546364065678103,1.0283414533390698,1.296442175935741,-0.1546364065678103,-0.29644217593574096,-0.02834145333906979
all,3,"Region-stratified marginal structural Cox model, with adjustment for baseline and time-varying confounders",multimorb2,0.3193937347047625,0.1241616937456563,0.5146257756638687,0.09961001452020124,3.2064420052864104,0.0013438739056526516,1.3762931126010876,1.1321989256844995,1.673012302717046,-0.37629311260108755,-0.673012302717046,-0.13219892568449954
all,3,"Region-stratified marginal structural Cox model, with adjustment for baseline and time-varying confounders",multimorb3,0.3678456068710371,0.07933280918595387,0.6563584045561204,0.14720311187390966,2.4988983058056817,0.012458005532931228,1.4446189825102607,1.082564549549961,1.9277594167447547,-0.44461898251026066,-0.9277594167447547,-0.08256454954996095
all,3,"Region-stratified marginal structural Cox model, with adjustment for baseline and time-varying confounders",multimorb4+,0.5233900454483266,0.12774158644759642,0.9190385044490568,0.2018651679936748,2.592770464812069,0.009520628857839252,1.6877394760820044,1.1362593399429903,2.5068788779051756,-0.6877394760820044,-1.5068788779051756,-0.13625933994299033
all,3,"Region-stratified marginal structural Cox model, with adjustment for baseline and time-varying confounders",shielded,0.2810455024505549,0.2151502054515649,0.3469407994495448,0.03362066727693146,8.359307688202605,6.30873746906801e-17,1.324513871191026,1.2400481449695564,1.4147329699207023,-0.32451387119102604,-0.4147329699207023,-0.2400481449695564
all,3,"Region-stratified marginal structural Cox model, with adjustment for baseline and time-varying confounders",flu_vaccine,-0.1421450835593265,-0.22134045741819863,-0.06294970970045438,0.04040654546897553,-3.517872708729002,4.3502098041805256e-4,0.8674953880368178,0.801443776357817,0.938990694625049,0.1325046119631822,0.06100930537495097,0.19855622364218295
all,3,"Region-stratified marginal structural Cox model, with adjustment for baseline and time-varying confounders",efi_catMild,0.3139372802470468,0.1799513609926375,0.4479231995014561,0.06836141904201974,4.59231661142199,4.38352661132562e-6,1.36880388281367,1.197159133073808,1.5650584937652268,-0.36880388281366994,-0.5650584937652268,-0.19715913307380806
all,3,"Region-stratified marginal structural Cox model, with adjustment for baseline and time-varying confounders",efi_catModerate,0.695520215313543,0.5590830466674483,0.8319573839596377,0.069612079467936,9.9913724834769,1.6626351273232597e-23,2.0047517052582,1.7490679510735523,2.2978120417041765,-1.0047517052582,-1.2978120417041765,-0.7490679510735523
all,3,"Region-stratified marginal structural Cox model, with adjustment for baseline and time-varying confounders",efi_catSevere,1.0312710158705387,0.8894361546002751,1.1731058771408023,0.07236605488112988,14.250756346529155,4.434522051766023e-46,2.804628297323081,2.433757001655718,3.232015308345927,-1.804628297323081,-2.232015308345927,-1.4337570016557182
all,3,"Region-stratified marginal structural Cox model, with adjustment for baseline and time-varying confounders","ns(tstop, df = 4)1",1.1419357325645614,0.9715682624224482,1.3123032027066746,0.08692377588871536,13.137208098582036,2.015259289763382e-39,3.132826814409432,2.64208469416104,3.714719619235844,-2.132826814409432,-2.714719619235844,-1.6420846941610399
all,3,"Region-stratified marginal structural Cox model, with adjustment for baseline and time-varying confounders","ns(tstop, df = 4)2",0.8978900652120091,0.6512310604972704,1.1445490699267478,0.12584874347710134,7.134676440972044,9.7015096566745835e-13,2.454418980000642,1.9179004277658105,3.1410246549686813,-1.454418980000642,-2.1410246549686813,-0.9179004277658105
all,3,"Region-stratified marginal structural Cox model, with adjustment for baseline and time-varying confounders","ns(tstop, df = 4)3",1.3865947572861146,0.9764008867470404,1.7967886278251888,0.20928643269704508,6.6253446982552155,3.4643879392993315e-11,4.001201765158682,2.654883798644048,6.030250956251149,-3.001201765158682,-5.030250956251149,-1.654883798644048
all,3,"Region-stratified marginal structural Cox model, with adjustment for baseline and time-varying confounders","ns(tstop, df = 4)4",-0.31964407018127117,-0.7097899387655169,0.07050179840297455,0.1990576723152398,-1.6057862350317422,0.10832088607806933,0.7264075411707558,0.4917474836958474,1.0730464991989936,0.2735924588292442,-0.07304649919899364,0.5082525163041526
all,3,"Region-stratified marginal structural Cox model, with adjustment for baseline and time-varying confounders",regionEast Midlands,0.36123205476814657,0.12753120507057406,0.5949329044657191,0.11923731841042746,3.0295217938795607,0.0024494123072442025,1.4350964432143902,1.1360203172822385,1.8129093027611065,-0.4350964432143902,-0.8129093027611065,-0.1360203172822385
all,3,"Region-stratified marginal structural Cox model, with adjustment for baseline and time-varying confounders",regionLondon,1.461607012681246,1.0682306029897592,1.8549834223727326,0.20070593786130242,7.282330698612851,3.2810156977533973e-13,4.312884822939931,2.9102255972007405,6.391592292307966,-3.312884822939931,-5.391592292307966,-1.9102255972007405
all,3,"Region-stratified marginal structural Cox model, with adjustment for baseline and time-varying confounders",regionNorth East,1.1879668301918709,0.8678610013412539,1.508072659042488,0.16332230151960497,7.2737575893716455,3.496231487013782e-13,3.280404802547666,2.3818107109536637,4.518014642846713,-2.280404802547666,-3.5180146428467127,-1.3818107109536637
all,3,"Region-stratified marginal structural Cox model, with adjustment for baseline and time-varying confounders",regionNorth West,1.0366409032195485,0.7379282055161676,1.3353536009229294,0.15240723812253118,6.8017826186582955,1.0333244199612773e-11,2.819729344509263,2.0915976619780494,3.801339866084666,-1.819729344509263,-2.801339866084666,-1.0915976619780494
all,3,"Region-stratified marginal structural Cox model, with adjustment for baseline and time-varying confounders",regionSouth East,1.1524972647927647,0.8045637030251307,1.5004308265603987,0.17752038532957218,6.492196728015869,8.45936911656837e-11,3.1660896096233873,2.2357208477561317,4.483620317011324,-2.1660896096233873,-3.483620317011324,-1.2357208477561317
all,3,"Region-stratified marginal structural Cox model, with adjustment for baseline and time-varying confounders",regionSouth West,2.741715598916662,2.4380165329600363,3.045414664873288,0.1549513503065187,17.694041345836016,4.6609471497357056e-70,15.513577355496707,11.450306898002438,21.018745131361197,-14.513577355496707,-20.018745131361197,-10.450306898002438
all,3,"Region-stratified marginal structural Cox model, with adjustment for baseline and time-varying confounders",regionWest Midlands,3.4409163309717425,3.0063601369095574,3.8754725250339277,0.2217164180004884,15.519447598888066,2.5624739872197452e-54,31.21554884125254,20.213690794003675,48.20547120220511,-30.21554884125254,-47.20547120220511,-19.213690794003675
all,3,"Region-stratified marginal structural Cox model, with adjustment for baseline and time-varying confounders",regionYorkshire and The Humber,-0.9660223661446014,-1.234210984996075,-0.6978337472931277,0.13683344233205877,-7.059841144683908,1.6669305608449594e-12,0.38059389445444297,0.29106432591165354,0.4976621990424425,0.6194061055455571,0.5023378009575574,0.7089356740883465
all,3,"Region-stratified marginal structural Cox model, with adjustment for baseline and time-varying confounders","ns(tstop, df = 4)1:regionEast Midlands",-0.07607464121217831,-0.3405008703352557,0.18835158791089907,0.13491382046243597,-0.5638758205158068,0.5728386466861521,0.9267470304559844,0.7114139073888176,1.2072578980236073,0.07325296954401561,-0.20725789802360728,0.2885860926111824
all,3,"Region-stratified marginal structural Cox model, with adjustment for baseline and time-varying confounders","ns(tstop, df = 4)2:regionEast Midlands",-0.29717730900491457,-0.671621905952905,0.07726728794307591,0.191046672235593,-1.5555220382925303,0.11982179006006827,0.7429122756468983,0.5108793072792526,1.0803307972017113,0.2570877243531017,-0.08033079720171132,0.48912069272074743
all,3,"Region-stratified marginal structural Cox model, with adjustment for baseline and time-varying confounders","ns(tstop, df = 4)3:regionEast Midlands",-0.6171896356831872,-1.2148739758252987,-0.01950529554107583,0.30494659333363744,-2.023926973363265,0.042977666129029014,0.5394583838202961,0.29674740928500926,0.9806837019240897,0.4605416161797039,0.019316298075910288,0.7032525907149907
all,3,"Region-stratified marginal structural Cox model, with adjustment for baseline and time-varying confounders","ns(tstop, df = 4)4:regionEast Midlands",0.46268170681687737,-0.004611711582761691,0.9299751252165165,0.2384193903998186,1.940621130022105,0.0523042492061281,1.588327708068323,0.9953989060310381,2.5344461330349377,-0.5883277080683229,-1.5344461330349377,0.004601093968961911
all,3,"Region-stratified marginal structural Cox model, with adjustment for baseline and time-varying confounders","ns(tstop, df = 4)1:regionLondon",0.7454406331079433,0.32118194613930545,1.169699320076581,0.2164624913085834,3.4437404309703807,5.737262234770165e-4,2.107369807337701,1.3787564174808908,3.22102399566172,-1.107369807337701,-2.22102399566172,-0.37875641748089084
all,3,"Region-stratified marginal structural Cox model, with adjustment for baseline and time-varying confounders","ns(tstop, df = 4)2:regionLondon",-0.18130764154789378,-0.7354761641841038,0.37286088108831617,0.2827442376530491,-0.6412425697968546,0.5213650956147546,0.8341786911932413,0.47927719000031604,1.4518823414909652,0.16582130880675872,-0.4518823414909652,0.5207228099996839
all,3,"Region-stratified marginal structural Cox model, with adjustment for baseline and time-varying confounders","ns(tstop, df = 4)3:regionLondon",-0.29470915718668106,-1.2737760409502068,0.6843577265768446,0.49953309932543694,-0.5899692284348175,0.5552112797638356,0.7447481606202588,0.2797731896735533,1.9824981206899732,0.25525183937974116,-0.9824981206899732,0.7202268103264466
all,3,"Region-stratified marginal structural Cox model, with adjustment for baseline and time-varying confounders","ns(tstop, df = 4)4:regionLondon",-0.11536916039473406,-0.8474298430305119,0.6166915222410437,0.3735072115662223,-0.30888067705830435,0.7574122960367098,0.8910371475592412,0.42851486831400754,1.852787982490072,0.10896285244075876,-0.8527879824900719,0.5714851316859925
all,3,"Region-stratified marginal structural Cox model, with adjustment for baseline and time-varying confounders","ns(tstop, df = 4)1:regionNorth East",-1.3398239178594376,-1.7848972419300517,-0.8947505937888234,0.22708239925901488,-5.900166293078517,3.6313538324141686e-9,0.2618917789856369,0.16781430438825073,0.40870952062334287,0.738108221014363,0.5912904793766571,0.8321856956117493
all,3,"Region-stratified marginal structural Cox model, with adjustment for baseline and time-varying confounders","ns(tstop, df = 4)2:regionNorth East",-0.32705353318021335,-0.9049560268731258,0.2508489605126991,0.29485362907243895,-1.1092064025430854,0.26734115121364155,0.7210451421538656,0.40455967446578245,1.2851159664151395,0.2789548578461344,-0.2851159664151395,0.5954403255342176
all,3,"Region-stratified marginal structural Cox model, with adjustment for baseline and time-varying confounders","ns(tstop, df = 4)3:regionNorth East",-0.8936889079322912,-1.7704262126295651,-0.01695160323501732,0.44732317104439984,-1.997859636570417,0.04573187968849041,0.40914367216631464,0.1702604062232501,0.9831912667601603,0.5908563278336854,0.01680873323983967,0.8297395937767499
all,3,"Region-stratified marginal structural Cox model, with adjustment for baseline and time-varying confounders","ns(tstop, df = 4)4:regionNorth East",0.6108558520173091,-0.009388731708594111,1.2311004357432123,0.3164571332015861,1.9302957270619914,0.05357020619239241,1.8420072099413958,0.9906552048226718,3.424996451801244,-0.8420072099413958,-2.424996451801244,0.009344795177328225
all,3,"Region-stratified marginal structural Cox model, with adjustment for baseline and time-varying confounders","ns(tstop, df = 4)1:regionNorth West",-0.17506146457879562,-0.5341574908038669,0.18403456164627563,0.18321562490819984,-0.9554941870624306,0.33932784358308116,0.8394054254826663,0.5861629298264196,1.2020573674599138,0.16059457451733372,-0.20205736745991376,0.4138370701735804
all,3,"Region-stratified marginal structural Cox model, with adjustment for baseline and time-varying confounders","ns(tstop, df = 4)2:regionNorth West",-0.2379252739726093,-0.7008145473027361,0.22496399935751746,0.23617233631910506,-1.007422281884597,0.3137318881224521,0.7882615925503631,0.496180976265931,1.2522776325810103,0.2117384074496369,-0.2522776325810103,0.503819023734069
all,3,"Region-stratified marginal structural Cox model, with adjustment for baseline and time-varying confounders","ns(tstop, df = 4)3:regionNorth West",-0.8783028060256629,-1.6752145782315069,-0.08139103381981894,0.4065951101610961,-2.160141093870196,0.03076174863184505,0.4154874764623726,0.1872679915359404,0.9218331530187825,0.5845125235376274,0.07816684698121745,0.8127320084640596
all,3,"Region-stratified marginal structural Cox model, with adjustment for baseline and time-varying confounders","ns(tstop, df = 4)4:regionNorth West",0.3981035575049962,-0.16588875307215661,0.962095868082149,0.2877564664584923,1.383473888196431,0.16651960841780405,1.4889982188639173,0.8471404707223598,2.6171759848627887,-0.48899821886391726,-1.6171759848627887,0.15285952927764024
all,3,"Region-stratified marginal structural Cox model, with adjustment for baseline and time-varying confounders","ns(tstop, df = 4)1:regionSouth East",0.43297563891844926,0.016275149654655985,0.8496761281822425,0.21260619712947468,2.036514667795747,0.04169870174984255,1.5418386593857978,1.0164083113306945,2.338889228940136,-0.5418386593857978,-1.3388892289401362,-0.016408311330694536
all,3,"Region-stratified marginal structural Cox model, with adjustment for baseline and time-varying confounders","ns(tstop, df = 4)2:regionSouth East",0.3196129717194919,-0.25944532704295786,0.8986712704819416,0.29544333637249864,1.081808023304069,0.2793378407453932,1.376594880072578,0.7714793859003002,2.4563371341809668,-0.376594880072578,-1.4563371341809668,0.22852061409969981
all,3,"Region-stratified marginal structural Cox model, with adjustment for baseline and time-varying confounders","ns(tstop, df = 4)3:regionSouth East",-0.037042294943015114,-0.9318607293621451,0.8577761394761149,0.45654840674489117,-0.08113552559983744,0.935334173465984,0.9636353775837536,0.3938202353086891,2.3579111931694468,0.036364622416246384,-1.3579111931694468,0.606179764691311
all,3,"Region-stratified marginal structural Cox model, with adjustment for baseline and time-varying confounders","ns(tstop, df = 4)4:regionSouth East",0.14144791609630275,-0.4907147997302364,0.773610631922842,0.32253792458073627,0.43854661829355246,0.6609900840243473,1.1519405051399931,0.6121886454730863,2.1675784697978697,-0.15194050513999313,-1.1675784697978697,0.38781135452691373
all,3,"Region-stratified marginal structural Cox model, with adjustment for baseline and time-varying confounders","ns(tstop, df = 4)1:regionSouth West",0.4565483420572611,0.11776557804464938,0.7953311060698728,0.1728515251733639,2.6412745944784657,0.008259474659843976,1.5786157288779399,1.1249803603582302,2.215174333058834,-0.5786157288779399,-1.215174333058834,-0.12498036035823024
all,3,"Region-stratified marginal structural Cox model, with adjustment for baseline and time-varying confounders","ns(tstop, df = 4)2:regionSouth West",-0.13260183619307303,-0.5940838440914685,0.32888017170532247,0.2354543305583709,-0.5631743356710105,0.5733161770140639,0.8758137400275621,0.5520681147168962,1.3894113548188047,0.12418625997243793,-0.38941135481880473,0.4479318852831038
all,3,"Region-stratified marginal structural Cox model, with adjustment for baseline and time-varying confounders","ns(tstop, df = 4)3:regionSouth West",-0.20104939512164532,-0.9651455363877703,0.5630467461444797,0.38985213365817845,-0.5157067969209194,0.6060592067324488,0.8178720316675945,0.3809277568552224,1.7560144886955826,0.18212796833240552,-0.7560144886955826,0.6190722431447776
all,3,"Region-stratified marginal structural Cox model, with adjustment for baseline and time-varying confounders","ns(tstop, df = 4)4:regionSouth West",0.4414103467037551,-0.2299909721597898,1.1128116655673002,0.3425579878811412,1.288571168443788,0.19754721214996623,1.5548986189728302,0.7945407754581172,3.0429020007055136,-0.5548986189728302,-2.0429020007055136,0.2054592245418828
all,3,"Region-stratified marginal structural Cox model, with adjustment for baseline and time-varying confounders","ns(tstop, df = 4)1:regionWest Midlands",0.7674424982146932,0.3137975142907796,1.2210874821386069,0.2314557754643491,3.3157198029517376,9.140742672752096e-4,2.1542497050335485,1.3686125839988885,3.3908732433815616,-1.1542497050335485,-2.3908732433815616,-0.3686125839988885
all,3,"Region-stratified marginal structural Cox model, with adjustment for baseline and time-varying confounders","ns(tstop, df = 4)2:regionWest Midlands",1.0324673285324877,0.4865135343972127,1.5784211226677627,0.2785529726268896,3.706538540213088,2.101112750231482e-4,2.807985517409284,1.6266351148451035,4.847296479721645,-1.8079855174092838,-3.8472964797216447,-0.6266351148451035
all,3,"Region-stratified marginal structural Cox model, with adjustment for baseline and time-varying confounders","ns(tstop, df = 4)3:regionWest Midlands",1.2457404990905614,0.1839966905872672,2.307484307593856,0.5417159789048137,2.299619261017688,0.02146979990523344,3.475507456805014,1.202011845136414,10.049112353744253,-2.475507456805014,-9.049112353744253,-0.2020118451364139
all,3,"Region-stratified marginal structural Cox model, with adjustment for baseline and time-varying confounders","ns(tstop, df = 4)4:regionWest Midlands",1.8817020313943817,1.183792336015629,2.5796117267731344,0.3560829183004256,5.284449027703143,1.2608364795884577e-7,6.564668631057339,3.266739314898037,13.192015058885513,-5.564668631057339,-12.192015058885513,-2.266739314898037
all,3,"Region-stratified marginal structural Cox model, with adjustment for baseline and time-varying confounders","ns(tstop, df = 4)1:regionYorkshire and The Humber",0.11342781901807336,-0.19903057621457648,0.4258862142507232,0.15942047797678013,0.7115009342438072,0.4767738720932394,1.1201110352599764,0.8195248349826276,1.5309465653201006,-0.12011103525997635,-0.5309465653201006,0.18047516501737237
all,3,"Region-stratified marginal structural Cox model, with adjustment for baseline and time-varying confounders","ns(tstop, df = 4)2:regionYorkshire and The Humber",-0.6097086774953184,-1.0111510835955935,-0.2082662713950434,0.20482131777257218,-2.9767832964160585,0.0029128982297425957,0.5435091824696072,0.3637999742802583,0.8119907980015788,0.4564908175303928,0.1880092019984212,0.6362000257197418
all,3,"Region-stratified marginal structural Cox model, with adjustment for baseline and time-varying confounders","ns(tstop, df = 4)3:regionYorkshire and The Humber",-0.5117805784157109,-1.1967012937515527,0.17314013692013086,0.34945576589080674,-1.4645074666635354,0.14305534445264495,0.5994273007046176,0.30218940366122515,1.18903272079268,0.4005726992953824,-0.18903272079268008,0.6978105963387748
all,3,"Region-stratified marginal structural Cox model, with adjustment for baseline and time-varying confounders","ns(tstop, df = 4)4:regionYorkshire and The Humber",0.7177853189161721,0.21689750405095976,1.2186731337813845,0.25555970355381613,2.808679572462487,0.004974513108701913,2.0498883308615765,1.242216773425431,3.3826963690204144,-1.0498883308615765,-2.3826963690204144,-0.24221677342543102
